ID,Date,Venue,T1,T2,T1_Mat,T1_BowlsFace,T1_OversBowl,T1_RunsScored,T1_4s,T1_6s,T1_RunsConceded,T1_WktsTaken,T1_W/L,T1_WktsLost,T2_Mat,T2_BowlsFace,T2_OversBowl,T2_RunsScored,T2_4s,T2_6s,T2_RunsConceded,T2_WktsTaken,T2_W/L,T2_WktsLost,Winner
1,9-Jan-11,Durban,South Africa,India,34,3835,655.3,4541,385,157,4763,217,1.833,204,22,2574,428.2,3297,277,132,3421,118,1,136,T2
2,12-Jan-11,Adelaide,Australia,England,36,3956,674.1,5283,440,208,4978,235,1.4,219,30,3483,546.4,4390,418,120,4207,177,1.142,188,T2
3,14-Jan-11,Melbourne,Australia,England,37,4076,694.1,5436,454,212,5131,244,1.312,223,31,3603,566.4,4541,435,124,4362,181,1.214,197,T1
4,21-Apr-11,Gros Islet,Pakistan,West Indies,38,4464,717.1,5313,445,177,5151,235,1.235,255,24,2525,445.4,3002,276,99,3603,128,0.714,153,T2
5,4-Jun-11,Port of Spain,India,West Indies,23,2694,448.2,3461,293,137,3561,126,1.09,142,25,2646,465.4,3146,289,105,3745,136,0.785,160,T1
6,25-Jun-11,Bristol,England,Sri Lanka,32,3725,586.4,4674,442,125,4507,188,1.133,203,29,3304,549.4,3882,380,93,4100,167,1.071,183,T2
7,6-Aug-11,Pallekele,Australia,Sri Lanka,38,4196,714.1,5580,463,217,5272,250,1.375,230,30,3408,569.4,4005,394,94,4233,174,1.142,184,T2
8,8-Aug-11,Pallekele,Australia,Sri Lanka,39,4316,734.1,5737,475,223,5463,253,1.294,238,31,3528,589.4,4190,418,99,4395,181,1.214,187,T2
9,31-Aug-11,Manchester,India,England,24,2816,468.2,3607,303,143,3700,131,1.181,148,33,3846,604,4803,450,130,4641,189,1.062,212,T2
10,23-Sep-11,The Oval,England,West Indies,34,3963,623.4,4959,469,132,4799,198,1.125,216,26,2766,485.4,3282,301,110,3903,142,0.733,165,T1
11,25-Sep-11,The Oval,England,West Indies,35,4060,643.2,5079,480,135,4924,206,1.187,216,27,2884,501,3404,310,115,4031,142,0.687,175,T2
12,11-Oct-11,Mirpur,West Indies,Bangladesh,28,3004,517.4,3514,317,117,4116,148,0.75,180,13,1454,230.5,1507,130,46,1897,57,0.083,111,T2
13,13-Oct-11,Cape Town,South Africa,Australia,35,3955,675.3,4678,394,164,4930,222,1.692,213,40,4437,754.1,5878,485,231,5618,262,1.222,247,T2
14,16-Oct-11,Johannesburg,South Africa,Australia,36,4075,695,4813,407,168,5072,226,1.571,220,41,4555,774.1,6017,497,235,5758,268,1.277,252,T1
15,29-Oct-11,Eden Gardens,England,India,36,4160,663.2,5163,488,136,5036,211,1.117,226,25,2934,487.5,3762,317,149,3862,135,1.083,158,T1
16,25-Nov-11,Abu Dhabi,Sri Lanka,Pakistan,32,3649,609.4,4337,435,101,4538,189,1.285,196,39,4590,737.1,5448,457,178,5300,241,1.166,264,T2
17,29-Nov-11,Mirpur,Pakistan,Bangladesh,40,4707,756.4,5585,468,181,5438,249,1.222,269,14,1574,250.5,1636,140,49,2023,65,0.166,118,T1
18,1-Feb-12,Sydney,Australia,India,42,4675,793.2,6157,505,243,5904,275,1.21,260,26,3054,506.3,3880,328,152,3979,139,1,167,T1
19,3-Feb-12,Melbourne,Australia,India,43,4795,813.2,6325,514,252,6041,281,1.263,264,27,3175,526.3,4010,336,156,4149,143,0.928,173,T2
20,17-Feb-12,Wellington,South Africa,New Zealand,37,4190,715,4953,420,173,5218,233,1.642,227,36,4134,678.5,4696,380,168,5105,212,0.714,264,T2
21,19-Feb-12,Hamilton,South Africa,New Zealand,38,4310,734.2,5093,428,180,5363,236,1.533,233,37,4252,698.5,4837,390,172,5245,217,0.761,268,T1
22,22-Feb-12,Auckland,South Africa,New Zealand,39,4406,754.2,5255,438,193,5532,239,1.6,235,38,4372,714.5,5001,405,181,5417,219,0.727,272,T1
23,23-Feb-12,Dubai (DSC),Pakistan,England,41,4828,776.4,5706,479,183,5517,256,1.277,276,37,4272,683.2,5276,497,140,5155,219,1.176,230,T1
24,25-Feb-12,Dubai (DSC),Pakistan,England,42,4948,796.4,5838,491,186,5648,262,1.333,282,38,4392,703.2,5403,506,142,5288,224,1.111,236,T2
25,27-Feb-12,Abu Dhabi,Pakistan,England,43,5059,816.4,5945,500,191,5793,268,1.263,292,39,4512,721.4,5545,520,145,5400,233,1.166,243,T2
26,27-Mar-12,Gros Islet,Australia,West Indies,44,4913,833,6452,527,254,6176,283,1.2,274,29,3124,537.3,3636,324,123,4250,155,0.705,188,T1
27,30-Mar-12,Johannesburg,South Africa,India,40,4526,774.2,5417,451,200,5689,246,1.666,242,28,3293,546.1,4141,347,157,4280,149,1,175,T1
28,30-Mar-12,Bridgetown,Australia,West Indies,45,5023,853,6601,538,262,6325,289,1.25,276,30,3244,555.4,3783,338,128,4402,157,0.666,195,T2
29,1-Jun-12,Hambantota,Sri Lanka,Pakistan,33,3766,629.1,4462,447,101,4680,194,1.2,206,44,5179,836.4,6057,507,192,5921,273,1.2,298,T1
30,3-Jun-12,Hambantota,Sri Lanka,Pakistan,34,3886,646.5,4586,459,103,4773,203,1.266,213,45,5285,856.4,6133,513,193,6049,279,1.142,308,T2
31,24-Jun-12,Nottingham,England,West Indies,40,4632,741.4,5666,528,148,5517,237,1.222,249,31,3363,575.4,3932,352,133,4548,165,0.722,205,T1
32,30-Jun-12,Lauderhill,New Zealand,West Indies,39,4493,734.5,5145,419,186,5581,225,0.695,279,32,3483,595.2,4091,361,143,4719,168,0.684,209,T2
33,1-Jul-12,Lauderhill,West Indies,New Zealand,33,3606,613.5,4280,377,155,4864,174,0.736,211,40,4604,754.5,5284,431,191,5786,227,0.666,287,T1
34,7-Aug-12,Pallekele,Sri Lanka,India,35,4002,666.5,4674,468,104,4892,208,1.187,223,29,3340,566.1,4208,355,158,4498,153,0.933,175,T2
35,5-Sep-12,Dubai (DSC),Australia,Pakistan,46,5143,872.4,6745,547,270,6484,298,1.19,285,46,5405,876,6250,525,194,6146,289,1.19,314,T2
36,8-Sep-12,Chester-le-Street,South Africa,England,41,4646,782.1,5633,473,209,5757,246,1.733,246,41,4752,761.4,5829,538,153,5684,241,1.277,252,T1
37,10-Sep-12,Dubai (DSC),Pakistan,Australia,47,5494,895.3,6339,536,195,6229,299,1.238,317,47,5260,887.3,6825,550,270,6574,301,1.136,295,T2
38,11-Sep-12,Chennai,India,New Zealand,30,3460,584.1,4353,372,161,4612,162,1,178,41,4716,774.5,5396,435,196,5962,232,0.64,297,T2
39,12-Sep-12,Birmingham,South Africa,England,42,4760,802.1,5750,488,209,5870,252,1.8,249,42,4872,780.4,5942,549,154,5802,244,1.21,259,T2
40,19-Sep-12,Colombo (RPS),New Zealand,Bangladesh,42,4836,794.5,5560,452,200,6125,236,0.68,302,15,1694,270.5,1710,143,50,2155,71,0.153,127,T1
41,21-Sep-12,Pallekele,South Africa,Sri Lanka,43,4826,813.1,5832,495,211,5986,257,1.687,254,36,4110,686.5,4781,480,104,5040,211,1.117,233,T1
42,22-Sep-12,Hambantota,Australia,West Indies,48,5380,906.4,6983,556,282,6644,310,1.181,302,34,3727,632.3,4452,386,168,4978,183,0.789,216,T1
43,22-Sep-12,Colombo (RPS),Pakistan,New Zealand,48,5609,915.3,6405,541,196,6391,306,1.181,327,43,4956,814.5,5743,467,209,6254,244,0.72,305,T1
44,23-Sep-12,Pallekele,England,India,44,5063,809,6229,574,168,5967,258,1.315,269,32,3700,623.4,4656,401,169,4912,176,1,187,T2
45,23-Sep-12,Colombo (RPS),Pakistan,Bangladesh,49,5729,935.3,6576,556,203,6550,313,1.227,333,16,1814,290.5,1835,156,53,2344,74,0.142,135,T1
46,25-Sep-12,Pallekele,England,West Indies,45,5151,829,6308,582,171,6133,262,1.25,279,35,3848,641.4,4630,401,179,5078,184,0.75,224,T2
47,27-Sep-12,Pallekele,South Africa,Pakistan,44,4868,820.1,5907,500,214,6031,261,1.75,258,50,5841,955.3,6744,577,208,6723,318,1.272,335,T2
48,28-Sep-12,Colombo (RPS),Australia,India,49,5437,926.4,7080,564,288,6825,318,1.227,303,33,3820,638.2,4814,419,170,4992,185,1.062,191,T1
49,28-Sep-12,Colombo (RPS),England,New Zealand,46,5271,849,6466,593,178,6304,267,1.19,283,44,5076,834.5,5897,484,213,6429,250,0.692,314,T1
50,29-Sep-12,Pallekele,Sri Lanka,West Indies,37,4152,693.5,4824,484,104,5117,215,1.055,238,36,3968,661.4,4800,421,186,5240,188,0.8,229,T1
51,29-Sep-12,Pallekele,South Africa,Australia,45,4988,839.5,6036,509,218,6159,269,1.647,264,50,5526,946.4,7219,573,298,6961,324,1.272,304,T2
52,30-Sep-12,Colombo (RPS),Pakistan,India,51,5960,975.3,6868,590,213,6854,324,1.318,343,34,3940,653.1,4944,434,172,5133,186,1,198,T2
53,1-Oct-12,Pallekele,England,Sri Lanka,47,5384,869,6608,603,184,6442,272,1.238,287,38,4244,713.5,4941,502,105,5242,220,1.111,239,T2
54,2-Oct-12,Colombo (RPS),Australia,Pakistan,51,5632,966.4,7360,586,303,7106,329,1.318,306,52,6079,992.3,6984,600,215,6983,326,1.26,353,T2
55,2-Oct-12,Colombo (RPS),South Africa,India,46,5108,857.3,6173,523,220,6305,271,1.555,269,35,4043,672.5,5070,448,174,5260,195,1.058,200,T2
56,4-Oct-12,Colombo (RPS),Pakistan,Sri Lanka,53,6199,1012.3,7128,611,219,7099,333,1.304,359,39,4364,733.5,5098,515,112,5387,229,1.166,245,T2
57,5-Oct-12,Colombo (RPS),Australia,West Indies,52,5752,986.4,7475,594,306,7253,335,1.26,313,37,4088,677,4925,431,191,5367,189,0.761,234,T2
58,7-Oct-12,Colombo (RPS),Sri Lanka,West Indies,40,4485,753.5,5229,532,112,5508,236,1.222,249,38,4208,693.4,5111,444,205,5495,199,0.809,238,T2
59,10-Dec-12,Mirpur,West Indies,Bangladesh,39,4328,712.2,5243,450,212,5594,207,0.857,244,17,1935,309.3,1999,178,56,2519,76,0.133,141,T1
60,20-Dec-12,Pune,England,India,48,5505,889,6749,617,188,6605,278,1.181,296,36,4164,692.4,5211,461,177,5408,205,1.117,206,T2
61,21-Dec-12,Durban,South Africa,New Zealand,47,5228,877.3,6320,534,225,6447,276,1.473,279,45,5197,853.4,6030,495,217,6575,254,0.666,320,T1
62,22-Dec-12,Wankhede,India,England,37,4271,712.4,5355,471,183,5563,211,1.176,211,49,5625,906.5,6903,628,195,6759,282,1.13,302,T2
63,23-Dec-12,East London,South Africa,New Zealand,48,5301,895.5,6406,548,226,6532,286,1.526,281,46,5307,865.5,6113,508,217,6662,256,0.642,330,T2
64,25-Dec-12,Bengaluru,Pakistan,India,54,6319,1032.3,7240,622,220,7235,337,1.25,366,38,4393,732.4,5515,486,187,5735,215,1.111,219,T1
65,26-Dec-12,Gqeberha,South Africa,New Zealand,49,5416,914.5,6567,566,230,6692,288,1.45,286,47,5422,884.5,6264,523,223,6825,261,0.678,332,T1
66,28-Dec-12,Ahmedabad,Pakistan,India,55,6438,1052.3,7369,632,225,7366,344,1.291,371,39,4513,752.2,5643,495,190,5868,220,1.052,228,T2
67,26-Jan-13,Sydney,Australia,Sri Lanka,53,5852,1006.4,7601,606,310,7447,339,1.208,323,41,4598,773.5,5327,539,113,5643,242,1.157,259,T2
68,28-Jan-13,Melbourne,Sri Lanka,Australia,42,4711,793.5,5463,547,118,5777,244,1.21,264,54,5972,1025.3,7734,611,314,7584,344,1.16,326,T1
69,9-Feb-13,Auckland,England,New Zealand,50,5745,926.5,7073,645,201,6930,289,1.173,306,48,5542,904.5,6406,540,226,7000,267,0.655,341,T1
70,12-Feb-13,Hamilton,England,New Zealand,51,5866,946.5,7280,661,216,7096,298,1.217,313,49,5663,924.5,6564,551,234,7214,274,0.633,350,T2
71,13-Feb-13,Brisbane,Australia,West Indies,55,6063,1045.3,7848,621,316,7736,348,1.115,329,40,4448,732.2,5432,464,226,5770,208,0.904,248,T2
72,15-Feb-13,Wellington,England,New Zealand,52,5983,966.5,7411,681,218,7284,304,1.166,323,50,5783,944.2,6746,564,244,7348,283,0.666,356,T1
73,3-Mar-13,Centurion,South Africa,Pakistan,50,5536,934.5,6736,580,236,6837,296,1.5,292,56,6558,1072.3,7544,649,232,7553,348,1.24,378,T2
74,31-Mar-13,Pallekele,Sri Lanka,Bangladesh,43,4831,808.5,5610,562,122,5893,247,1.263,268,18,2056,329.3,2173,194,63,2715,80,0.125,142,T1
75,25-Jun-13,The Oval,England,New Zealand,53,6059,986.5,7544,691,227,7418,312,1.208,323,51,5903,957,6880,574,247,7486,283,0.645,364,T2
76,27-Jul-13,Kingstown,Pakistan,West Indies,57,6678,1084.5,7728,671,238,7652,358,1.28,385,41,4568,752.2,5617,481,231,5931,214,0.952,254,T1
77,28-Jul-13,Kingstown,Pakistan,West Indies,58,6798,1104.5,7875,689,242,7799,364,1.32,393,42,4688,772.2,5758,494,238,6087,220,0.909,261,T1
78,2-Aug-13,Colombo (RPS),South Africa,Sri Lanka,51,5610,954.5,6831,587,241,7026,302,1.428,302,44,4951,828.5,5782,573,131,6071,253,1.315,273,T1
79,4-Aug-13,Hambantota,South Africa,Sri Lanka,52,5730,974.5,6939,594,243,7128,311,1.476,308,45,5072,848.5,5878,586,131,6181,259,1.25,282,T1
80,6-Aug-13,Hambantota,South Africa,Sri Lanka,53,5850,994.5,7075,603,246,7250,318,1.523,314,46,5192,868.5,5998,597,132,6324,264,1.19,289,T2
81,29-Aug-13,Southampton,England,Australia,54,6180,1006.5,7727,708,234,7613,316,1.16,328,56,6183,1065.3,8006,626,324,7923,353,1.074,337,T2
82,31-Aug-13,Chester-le-Street,England,Australia,55,6302,1026.5,7927,732,239,7859,322,1.115,334,57,6303,1085.3,8250,645,342,8131,359,1.111,343,T1
83,10-Oct-13,Rajkot,India,Australia,40,4634,772.2,5829,515,197,6047,227,1.105,233,58,6424,1105.3,8406,656,350,8321,364,1.071,352,T1
84,6-Nov-13,Mirpur,New Zealand,Bangladesh,52,6023,977,7064,590,255,7674,287,0.677,368,19,2176,349.3,2346,210,68,2906,84,0.117,149,T1
85,13-Nov-13,Dubai (DSC),South Africa,Pakistan,54,5970,1013,7228,619,251,7413,322,1.454,317,59,6918,1124.5,8001,699,245,7922,372,1.36,400,T1
86,15-Nov-13,Dubai (DSC),South Africa,Pakistan,55,6057,1033,7326,628,254,7510,330,1.5,318,60,7038,1139.2,8093,706,246,8020,373,1.307,409,T1
87,20-Nov-13,Johannesburg,South Africa,Pakistan,56,6177,1053,7471,639,259,7650,339,1.545,323,61,7159,1159.2,8225,717,248,8168,378,1.259,418,T1
88,21-Nov-13,Pallekele,Sri Lanka,New Zealand,47,5302,888.5,6159,619,135,6486,267,1.238,293,53,6143,997,7259,608,264,7860,295,0.709,373,T1
89,22-Nov-13,Cape Town,South Africa,Pakistan,57,6298,1062.1,7615,659,260,7703,341,1.59,330,62,7214,1179.2,8272,724,248,8315,384,1.214,420,T2
90,11-Dec-13,Dubai (DSC),Sri Lanka,Pakistan,48,5409,908.5,6298,634,137,6626,273,1.285,295,64,7456,1219.2,8569,749,260,8605,396,1.285,428,T2
91,13-Dec-13,Dubai (DSC),Pakistan,Sri Lanka,65,7572,1239.2,8714,760,265,8750,401,1.321,435,49,5529,928,6438,645,140,6772,279,1.227,300,T2
92,11-Jan-14,Auckland,West Indies,New Zealand,43,4809,792.2,5878,503,244,6216,227,0.869,270,54,6263,1014.5,7399,621,266,8000,297,0.687,380,T2
93,15-Jan-14,Wellington,West Indies,New Zealand,44,4929,812.2,5977,510,246,6400,232,0.833,278,55,6384,1034.5,7581,633,277,8106,305,0.718,385,T2
94,29-Jan-14,Hobart,England,Australia,56,6423,1046.5,8116,752,245,8023,330,1.153,339,59,6544,1125.1,8601,680,357,8519,368,1.034,359,T2
95,31-Jan-14,Melbourne,England,Australia,57,6543,1066.5,8306,769,256,8235,334,1.111,348,60,6666,1145.1,8801,696,368,8716,376,1.068,363,T2
96,2-Feb-14,Sydney,Australia,England,61,6755,1165.1,8931,714,371,8842,383,1.103,365,58,6663,1081.4,8428,784,256,8366,336,1.071,357,T1
97,12-Feb-14,Chattogram,Sri Lanka,Bangladesh,50,5650,947.2,6635,664,148,6956,289,1.272,303,20,2296,369.3,2531,228,76,3108,89,0.111,158,T1
98,14-Feb-14,Chattogram,Sri Lanka,Bangladesh,51,5770,967.2,6793,675,152,7117,295,1.318,310,21,2417,389.3,2690,248,78,3269,95,0.105,165,T1
99,9-Mar-14,Bridgetown,England,West Indies,59,6767,1101.4,8531,794,259,8559,342,1.034,367,45,5049,831.2,6130,523,252,6560,238,0.8,283,T2
100,11-Mar-14,Bridgetown,England,West Indies,60,6887,1121.4,8671,811,261,8726,345,1,376,46,5170,851.2,6296,545,257,6700,245,0.84,286,T2
101,12-Mar-14,Durban,South Africa,Australia,58,6419,1082.1,7777,674,263,7877,345,1.521,334,62,6875,1182.3,9120,726,384,8947,392,1.137,371,T2
102,13-Mar-14,Bridgetown,England,West Indies,61,7007,1140.3,8818,820,267,8881,350,0.967,383,47,5283,871.2,6449,555,268,6848,252,0.88,291,T1
103,14-Mar-14,Centurion,South Africa,Australia,59,6461,1088.5,7849,679,269,7956,349,1.458,335,63,6916,1189.3,9195,733,388,9025,393,1.172,376,T2
104,21-Mar-14,Mirpur,Pakistan,India,66,7691,1259.2,8885,777,272,8960,403,1.275,445,41,4752,792.2,6018,534,205,6248,234,1.157,237,T2
105,22-Mar-14,Chattogram,South Africa,Sri Lanka,60,6582,1103.5,7970,685,275,8085,353,1.4,342,52,5891,987.1,6912,683,154,7233,304,1.363,317,T2
106,22-Mar-14,Chattogram,England,New Zealand,62,7127,1160.3,8976,834,275,9036,356,1,389,56,6498,1054.5,7737,647,283,8263,309,0.75,391,T2
107,23-Mar-14,Mirpur,Pakistan,Australia,67,7811,1277.5,9010,788,274,9091,406,1.233,452,64,7006,1209.3,9323,745,392,9150,400,1.206,380,T1
108,23-Mar-14,Mirpur,India,West Indies,42,4863,812.2,6144,548,209,6376,239,1.21,240,48,5403,891.2,6601,574,272,7013,257,0.846,298,T1
109,24-Mar-14,Chattogram,South Africa,New Zealand,61,6702,1123.5,8125,698,281,8247,360,1.346,350,57,6530,1074.5,7788,654,285,8431,315,0.781,392,T1
110,25-Mar-14,Mirpur,West Indies,Bangladesh,49,5524,911,6716,583,278,7143,260,0.814,305,23,2608,426.4,2878,268,83,3456,109,0.15,176,T1
111,27-Mar-14,Chattogram,Sri Lanka,England,53,6011,1007.1,7067,697,158,7390,310,1.409,324,63,7247,1165.5,9138,851,280,9087,357,0.968,395,T2
112,28-Mar-14,Mirpur,Australia,West Indies,65,7127,1229.3,9490,761,400,9334,405,1.166,390,50,5645,930.1,6868,600,283,7240,270,0.851,312,T2
113,28-Mar-14,Mirpur,India,Bangladesh,43,4982,832.2,6271,559,212,6504,245,1.263,243,24,2723,446.4,2972,278,84,3616,115,0.142,186,T1
114,29-Mar-14,Chattogram,South Africa,England,62,6822,1143.5,8294,714,285,8413,367,1.384,356,64,7364,1185.5,9324,871,288,9274,361,1,399,T1
115,30-Mar-14,Mirpur,Pakistan,Bangladesh,68,7932,1297.5,9184,807,279,9263,415,1.266,457,25,2843,465.1,3102,294,88,3757,117,0.136,193,T1
116,30-Mar-14,Mirpur,India,Australia,44,5094,852.2,6407,568,216,6636,252,1.315,245,66,7249,1249.1,9653,776,407,9505,409,1.129,398,T1
117,31-Mar-14,Chattogram,Sri Lanka,New Zealand,54,6133,1026.3,7248,714,165,7580,314,1.347,328,58,6650,1094.5,7950,670,290,8601,321,0.757,400,T1
118,1-Apr-14,Mirpur,Australia,Bangladesh,67,7347,1269.1,9735,779,412,9658,415,1.093,408,26,2963,485.1,3237,306,92,3944,122,0.13,200,T1
119,1-Apr-14,Mirpur,Pakistan,West Indies,69,8053,1317.5,9361,822,286,9400,422,1.3,462,51,5763,950.1,7037,618,290,7416,278,0.888,316,T2
120,3-Apr-14,Mirpur,Sri Lanka,West Indies,55,6250,1042,7361,727,167,7640,321,1.391,338,52,5883,968,7194,631,299,7498,288,0.925,322,T1
121,4-Apr-14,Mirpur,South Africa,India,63,6943,1163.5,8475,733,291,8602,374,1.423,361,45,5215,868.4,6549,579,222,6719,261,1.368,252,T2
122,6-Apr-14,Mirpur,Sri Lanka,India,56,6370,1055.5,7517,737,174,7719,325,1.434,344,46,5330,888.4,6716,595,227,6887,265,1.421,256,T1
123,20-May-14,The Oval,Sri Lanka,England,57,6477,1075.5,7646,753,178,7845,328,1.478,348,65,7485,1205.5,9503,888,295,9464,365,0.969,406,T1
124,5-Jul-14,Roseau,West Indies,New Zealand,53,5966,988,7266,636,301,7656,292,0.892,326,59,6743,1114.1,8008,677,290,8718,331,0.735,409,T2
125,6-Jul-14,Roseau,West Indies,New Zealand,54,6075,1003,7385,639,309,7772,296,0.862,334,60,6833,1132.1,8121,685,295,8847,338,0.764,413,T1
126,7-Sep-14,Birmingham,India,England,47,5450,906.3,6840,603,231,7019,269,1.35,260,66,7605,1225.5,9660,906,298,9645,371,0.941,413,T2
127,5-Oct-14,Dubai (DSC),Pakistan,Australia,70,8160,1337.5,9441,824,290,9562,426,1.258,472,68,7452,1289.1,9888,795,420,9805,420,1.125,411,T2
128,5-Nov-14,Adelaide,South Africa,Australia,64,7064,1183,8639,747,297,8778,378,1.37,365,69,7537,1309.1,9979,804,423,9894,429,1.156,415,T1
129,7-Nov-14,Melbourne,South Africa,Australia,65,7178,1203,8778,759,301,8920,384,1.407,368,70,7658,1328.1,10117,810,427,10037,432,1.121,421,T2
130,9-Nov-14,Sydney,South Africa,Australia,66,7298,1215.4,8878,768,302,9022,387,1.357,375,71,7735,1348.1,10215,826,427,10138,439,1.151,424,T2
131,4-Dec-14,Dubai (DSC),Pakistan,New Zealand,71,8280,1351.5,9517,828,290,9655,430,1.218,481,61,6948,1152.1,8244,695,298,9012,344,0.742,423,T1
132,5-Dec-14,Dubai (DSC),Pakistan,New Zealand,72,8395,1371.5,9653,842,293,9787,437,1.25,484,62,7069,1171.2,8371,703,303,9150,345,0.722,430,T2
133,9-Jan-15,Cape Town,South Africa,West Indies,67,7418,1235.3,9020,781,304,9168,395,1.31,381,55,6195,1022.1,7545,653,316,7897,304,0.896,340,T2
134,11-Jan-15,Johannesburg,South Africa,West Indies,68,7538,1254.5,9180,795,308,9331,401,1.266,385,56,6311,1042.1,7707,668,325,8060,308,0.931,346,T2
135,14-Jan-15,Durban,South Africa,West Indies,69,7660,1274.1,9400,813,320,9563,407,1.225,392,57,6427,1062.1,7932,694,337,8289,313,0.965,352,T1
136,24-Apr-15,Mirpur,Pakistan,Bangladesh,73,8509,1391.5,9769,849,297,9931,444,1.212,494,27,3085,502.4,3375,318,96,4099,125,0.125,205,T2
137,23-Jun-15,Manchester,England,New Zealand,67,7726,1245.5,9836,918,309,9818,375,0.97,420,63,7189,1190.1,8505,715,306,9270,355,0.75,438,T1
138,5-Jul-15,Mirpur,South Africa,Bangladesh,70,7781,1293.1,9584,829,329,9688,417,1.258,395,28,3183,522.4,3516,340,98,4233,129,0.166,208,T1
139,7-Jul-15,Mirpur,South Africa,Bangladesh,71,7902,1312,9727,840,332,9782,426,1.29,399,29,3296,542.4,3608,346,100,4379,133,0.16,218,T1
140,30-Jul-15,Colombo (RPS),Sri Lanka,Pakistan,58,6597,1095.5,7826,775,184,8013,335,1.521,355,74,8629,1408.1,9899,860,300,10073,446,1.176,499,T2
141,1-Aug-15,Colombo (RPS),Sri Lanka,Pakistan,59,6717,1115.5,7967,783,189,8185,340,1.458,362,75,8749,1428.1,10064,873,304,10215,453,1.205,504,T2
142,14-Aug-15,Durban,South Africa,New Zealand,72,8022,1331.2,9882,855,337,9920,436,1.322,403,64,7287,1210.1,8638,729,310,9458,361,0.729,448,T1
143,16-Aug-15,Centurion,South Africa,New Zealand,73,8130,1351.2,10026,871,341,10066,442,1.354,407,65,7407,1228,8783,747,312,9605,365,0.71,456,T2
144,31-Aug-15,Cardiff,Australia,England,72,7854,1368.1,10353,835,433,10281,445,1.181,432,68,7846,1262.1,10017,936,315,9952,384,1,427,T2
145,2-Oct-15,Dharamsala,South Africa,India,74,8250,1371.2,10167,885,344,10242,449,1.312,415,48,5570,926.3,7009,618,237,7196,275,1.285,265,T1
146,5-Oct-15,Cuttack,South Africa,India,75,8368,1391.2,10358,902,353,10439,452,1.343,418,49,5691,946.1,7197,633,248,7391,277,1.227,270,T1
147,9-Nov-15,Pallekele,Sri Lanka,West Indies,60,6837,1135.1,8129,796,196,8358,346,1.4,369,58,6541,1082.1,8050,702,340,8483,316,0.933,362,T1
148,11-Nov-15,Colombo (RPS),Sri Lanka,West Indies,61,6958,1155,8338,818,205,8542,356,1.44,372,59,6660,1102.1,8223,713,353,8696,319,0.903,372,T2
149,26-Nov-15,Dubai (DSC),Pakistan,England,76,8865,1448.1,10232,882,313,10384,459,1.235,513,69,7966,1282.1,10191,947,326,10124,390,1.029,432,T2
150,27-Nov-15,Dubai (DSC),Pakistan,England,77,8985,1468.1,10371,893,318,10542,463,1.2,523,70,8086,1302.1,10347,963,330,10269,399,1.058,437,T2
151,7-Jan-16,Mount Maunganui,Sri Lanka,New Zealand,62,7079,1175,8467,829,207,8698,361,1.384,382,66,7527,1248,8954,766,318,9750,373,0.736,463,T2
152,10-Jan-16,Auckland,Sri Lanka,New Zealand,63,7201,1195,8634,842,213,8880,364,1.333,391,67,7647,1268,9135,781,326,9923,381,0.763,467,T2
153,15-Jan-16,Auckland,Pakistan,New Zealand,78,9107,1488.1,10530,905,325,10713,471,1.166,531,68,7707,1288,9280,791,338,10063,389,0.789,468,T1
154,17-Jan-16,Hamilton,Pakistan,New Zealand,79,9227,1508.1,10697,920,333,10860,480,1.194,539,69,7827,1308,9424,801,345,10233,397,0.769,478,T2
155,22-Jan-16,Wellington,Pakistan,New Zealand,80,9347,1525.5,10854,933,341,11025,480,1.162,546,70,7933,1328,9583,821,349,10397,403,0.794,478,T2
156,26-Jan-16,Adelaide,India,Australia,50,5796,963.2,7278,641,248,7484,281,1.173,280,73,7974,1388.1,10524,852,438,10460,449,1.147,440,T1
157,29-Jan-16,Melbourne,India,Australia,51,5916,982.5,7456,658,253,7633,291,1.217,283,74,8091,1408.1,10665,861,444,10645,452,1.114,450,T1
158,31-Jan-16,Sydney,India,Australia,52,6037,1002.5,7631,675,258,7787,298,1.26,286,75,8211,1428.1,10814,874,448,10822,454,1.083,458,T1
159,9-Feb-16,Pune,India,Sri Lanka,53,6157,1022.5,7823,693,263,7982,303,1.304,289,64,7321,1205,8771,855,217,9027,365,1.285,399,T2
160,12-Feb-16,Ranchi,Sri Lanka,India,65,7429,1223.5,8871,863,221,9125,374,1.321,404,54,6270,1040.5,7913,700,266,8084,308,1.25,299,T2
161,14-Feb-16,Visakhapatnam,India,Sri Lanka,55,6390,1060.5,8099,719,271,8211,317,1.291,305,66,7549,1243.5,8995,869,226,9320,380,1.275,413,T1
162,19-Feb-16,Cape Town,South Africa,England,76,8471,1408.4,10446,909,355,10530,460,1.375,422,71,8206,1322.1,10512,972,339,10436,407,1.088,445,T1
163,21-Feb-16,Johannesburg,South Africa,England,77,8591,1428.4,10575,917,358,10662,468,1.406,429,72,8326,1342.1,10639,985,341,10566,414,1.057,453,T1
164,24-Feb-16,Mirpur,India,Bangladesh,56,6473,1078.5,8180,726,273,8291,326,1.333,306,30,3413,562.4,3739,355,105,4543,137,0.153,228,T1
165,27-Feb-16,Mirpur,India,Pakistan,57,6593,1098.5,8339,741,278,8408,332,1.375,312,81,9444,1545.5,10949,944,342,11219,483,1.131,556,T1
166,28-Feb-16,Mirpur,Sri Lanka,Bangladesh,67,7658,1257.4,9071,877,228,9401,381,1.233,423,31,3533,582.4,3850,363,108,4705,143,0.148,235,T2
167,1-Mar-16,Mirpur,India,Sri Lanka,58,6688,1116.2,8410,751,278,8487,340,1.416,317,68,7778,1277.4,9192,884,232,9547,386,1.193,431,T1
168,2-Mar-16,Mirpur,Pakistan,Bangladesh,82,9549,1561.2,11017,952,342,11300,488,1.102,566,32,3654,602.4,3993,378,112,4829,151,0.185,242,T2
169,4-Mar-16,Mirpur,Sri Lanka,Pakistan,69,7899,1297,9320,898,234,9689,391,1.156,440,83,9669,1580.3,11146,964,346,11427,493,1.075,573,T2
170,4-Mar-16,Durban,South Africa,Australia,78,8679,1448.2,10737,933,367,10830,476,1.437,430,76,8333,1448.1,11003,890,455,11021,457,1.054,463,T1
171,6-Mar-16,Johannesburg,South Africa,Australia,79,8796,1468.2,10888,945,372,10984,485,1.468,437,77,8453,1467.3,11155,901,463,11178,462,1.026,472,T2
172,6-Mar-16,Mirpur,India,Bangladesh,59,6804,1136.2,8551,766,282,8620,347,1.458,322,33,3771,622.4,4116,388,115,4958,158,0.222,247,T1
173,9-Mar-16,Cape Town,South Africa,Australia,80,8917,1488.2,11087,962,383,11185,490,1.424,444,78,8575,1487.3,11346,918,472,11381,469,1.052,477,T2
174,15-Mar-16,Nagpur,India,New Zealand,60,6887,1151.2,8673,781,285,8740,351,1.5,324,71,8054,1344.1,9772,838,357,10496,412,0.82,483,T2
175,16-Mar-16,Eden Gardens,Pakistan,Bangladesh,84,9785,1600.3,11290,982,349,11571,497,1.1,577,34,3861,636.3,4233,400,117,5080,160,0.214,252,T1
176,16-Mar-16,Wankhede,England,West Indies,73,8444,1356.5,10801,994,352,10733,415,1.027,463,60,6780,1122.1,8372,720,360,8830,329,0.935,378,T2
177,18-Mar-16,Dharamsala,Australia,New Zealand,79,8691,1507.3,11521,932,479,11556,473,1.078,481,72,8174,1362.2,9885,847,360,10575,422,0.846,490,T2
178,18-Mar-16,Wankhede,South Africa,England,81,9037,1507.4,11260,977,390,11364,493,1.382,448,74,8564,1375,10971,1006,361,10912,419,1,469,T2
179,19-Mar-16,Eden Gardens,India,Pakistan,61,6997,1171.2,8748,785,286,8859,356,1.44,334,85,9906,1620.3,11488,1004,357,11713,503,1.125,582,T1
180,20-Mar-16,Bengaluru,Sri Lanka,West Indies,71,8132,1336.2,9613,930,242,9987,402,1.151,448,61,6891,1142.1,8539,736,371,9010,334,0.967,382,T2
181,21-Mar-16,Bengaluru,Australia,Bangladesh,80,8811,1527.3,11651,942,483,11694,479,1.051,490,35,3981,656.3,4371,415,121,5280,165,0.206,258,T1
182,22-Mar-16,Mohali,Pakistan,New Zealand,86,10015,1636.2,11599,1015,359,11829,507,1.097,587,73,8294,1382.2,10021,858,365,10707,430,0.871,498,T2
183,23-Mar-16,Bengaluru,India,Bangladesh,62,7093,1189.2,8856,796,289,8972,361,1.48,338,36,4101,675,4517,431,125,5435,171,0.2,263,T1
184,25-Mar-16,Mohali,Australia,Pakistan,81,8922,1547.3,11802,956,489,11843,484,1.076,497,87,10135,1656.2,11748,1029,361,12005,512,1.071,592,T1
185,25-Mar-16,Nagpur,South Africa,West Indies,83,9277,1547.2,11688,1019,413,11759,510,1.371,457,62,7001,1162.1,8661,746,377,9125,341,1,385,T2
186,26-Mar-16,Eden Gardens,New Zealand,Bangladesh,74,8414,1402.2,10194,875,370,10860,435,0.897,503,37,4221,695,4657,443,130,5579,178,0.193,272,T1
187,26-Mar-16,Delhi,Sri Lanka,England,72,8253,1354.4,9722,939,245,10114,405,1.117,457,76,8802,1415,11303,1039,374,11264,430,1.054,484,T2
188,27-Mar-16,Mohali,India,Australia,63,7213,1209.2,8999,806,295,9113,369,1.52,345,82,9042,1567.3,11982,976,494,12013,492,1.102,501,T1
189,28-Mar-16,Delhi,South Africa,Sri Lanka,84,9397,1567,11804,1027,415,11880,516,1.333,465,73,8373,1374.4,9874,947,255,10279,408,1.085,465,T1
190,30-Mar-16,Delhi,England,New Zealand,77,8923,1435,11464,1055,380,11423,437,1.081,488,75,8534,1418,10333,886,375,10925,444,0.923,511,T1
191,31-Mar-16,Wankhede,India,West Indies,64,7328,1229.2,9155,822,299,9271,375,1.56,349,64,7241,1202.1,8886,761,385,9364,354,1,400,T2
192,3-Apr-16,Eden Gardens,England,West Indies,78,9026,1455,11621,1072,386,11571,444,1.108,491,65,7361,1222.1,9076,781,396,9555,356,1.031,403,T2
193,5-Jul-16,Southampton,England,Sri Lanka,79,9146,1474.4,11771,1084,391,11729,450,1.078,500,74,8492,1392.2,9984,957,258,10399,409,1.055,475,T1
194,27-Aug-16,Lauderhill,India,West Indies,65,7450,1249,9342,839,303,9463,378,1.5,351,66,7479,1242.1,9228,793,403,9706,365,1.062,409,T2
195,6-Sep-16,Pallekele,Australia,Sri Lanka,83,9163,1586.4,12128,990,498,12171,496,1.075,507,75,8612,1409.5,10111,965,261,10542,411,1.027,485,T1
196,7-Sep-16,Manchester,England,Pakistan,80,9251,1494.4,11907,1090,397,11859,458,1.105,502,88,10255,1676.2,11917,1045,367,12190,516,1.046,600,T2
197,9-Sep-16,Colombo (RPS),Australia,Sri Lanka,84,9284,1606.4,12382,1015,512,12333,505,1.1,510,76,8732,1429.5,10270,981,267,10799,414,1,494,T1
198,23-Sep-16,Dubai (DSC),West Indies,Pakistan,67,7601,1262.1,9467,806,424,9948,369,1.093,415,89,10344,1696.2,12050,1062,372,12317,523,1.069,601,T2
199,24-Sep-16,Dubai (DSC),Pakistan,West Indies,90,10431,1716.1,12161,1075,376,12430,532,1.093,602,68,7722,1276.3,9573,815,427,10063,370,1.06,425,T1
200,27-Sep-16,Abu Dhabi,Pakistan,West Indies,91,10551,1736.1,12306,1088,378,12574,541,1.116,606,69,7844,1296.3,9704,828,430,10213,373,1.029,434,T1
201,3-Jan-17,Napier,New Zealand,Bangladesh,76,8654,1435.1,10475,902,378,11083,447,0.9,519,38,4315,715,4721,447,131,5719,186,0.187,282,T1
202,6-Jan-17,Mount Maunganui,New Zealand,Bangladesh,77,8763,1455.1,10615,912,383,11224,455,0.925,523,39,4435,733,4844,453,137,5861,189,0.181,290,T1
203,8-Jan-17,Mount Maunganui,New Zealand,Bangladesh,78,8884,1473.2,10802,927,391,11367,464,0.95,530,40,4544,753,4977,461,143,6052,195,0.176,300,T1
204,20-Jan-17,Centurion,South Africa,Sri Lanka,85,9503,1586.3,11920,1037,418,11994,524,1.361,467,77,8853,1447.4,10391,992,267,10928,419,0.974,503,T1
205,22-Jan-17,Johannesburg,South Africa,Sri Lanka,86,9564,1596.3,12039,1048,425,12099,530,1.388,472,78,8913,1457.4,10496,1001,274,11053,423,0.95,509,T2
206,25-Jan-17,Cape Town,South Africa,Sri Lanka,87,9681,1616.1,12147,1057,427,12213,537,1.351,482,79,9031,1477.1,10608,1008,277,11164,433,0.975,516,T2
207,26-Jan-17,Kanpur,India,England,66,7570,1269,9580,861,314,9708,383,1.444,355,81,9371,1509.3,12030,1100,398,11998,459,1.076,509,T2
208,29-Jan-17,Nagpur,India,England,67,7691,1287.1,9716,874,315,9853,386,1.392,362,82,9481,1529.3,12170,1108,405,12142,465,1.102,512,T1
209,1-Feb-17,Bengaluru,India,England,68,7811,1307.1,9856,882,319,9989,392,1.428,370,83,9602,1549.3,12301,1114,410,12285,471,1.075,518,T1
210,17-Feb-17,Auckland,South Africa,New Zealand,88,9801,1636,12312,1067,433,12378,541,1.315,487,79,9004,1493.2,10980,939,402,11533,470,0.975,534,T1
211,17-Feb-17,Melbourne,Australia,Sri Lanka,85,9391,1626.4,12507,1025,517,12460,514,1.125,516,80,9150,1497.1,10770,1027,281,11331,437,1,521,T2
212,19-Feb-17,Geelong,Australia,Sri Lanka,86,9512,1646.4,12668,1034,521,12628,519,1.097,522,81,9270,1517.1,10929,1047,282,11497,442,1.025,526,T2
213,22-Feb-17,Adelaide,Australia,Sri Lanka,87,9632,1666.4,12833,1044,527,12802,527,1.071,532,82,9390,1537.1,11098,1065,288,11665,452,1.05,534,T1
214,26-Mar-17,Bridgetown,Pakistan,West Indies,92,10642,1756.1,12408,1098,379,12674,545,1.139,608,70,7964,1311.4,9803,834,431,10317,375,1,439,T1
215,30-Mar-17,Port of Spain,Pakistan,West Indies,93,10746,1776.1,12519,1109,381,12782,552,1.162,612,71,8085,1328.5,9907,842,435,10432,379,0.972,447,T1
216,1-Apr-17,Port of Spain,Pakistan,West Indies,94,10866,1796.1,12650,1122,384,12911,558,1.186,622,72,8205,1348.5,10029,854,438,10564,388,0.945,455,T2
217,2-Apr-17,Port of Spain,Pakistan,West Indies,95,10986,1811,12777,1130,388,13046,561,1.159,630,73,8295,1368.5,10160,865,447,10693,394,0.972,458,T1
218,4-Apr-17,Colombo (RPS),Sri Lanka,Bangladesh,83,9498,1557.1,11235,1077,293,11850,457,1.024,544,41,4664,773,5140,482,144,6232,199,0.171,306,T1
219,6-Apr-17,Colombo (RPS),Sri Lanka,Bangladesh,84,9611,1577.1,11387,1094,296,11999,462,1.048,548,42,4785,791.5,5278,495,145,6386,202,0.166,312,T2
220,21-Jun-17,Southampton,South Africa,England,89,9921,1650.5,12486,1083,442,12484,551,1.342,493,84,9701,1569.3,12423,1125,416,12479,475,1.048,528,T2
221,23-Jun-17,Taunton,South Africa,England,90,10041,1665.2,12627,1091,447,12621,552,1.307,496,85,9788,1589.3,12558,1137,422,12621,478,1.073,529,T1
222,25-Jun-17,Cardiff,South Africa,England,91,10161,1685.2,12796,1104,456,12783,556,1.333,504,86,9909,1609.3,12714,1158,424,12795,486,1.047,535,T2
223,9-Jul-17,Kingston,India,West Indies,69,7931,1323.4,10042,893,331,10114,402,1.464,376,77,8720,1441.2,10637,898,473,11150,420,1.026,476,T2
224,6-Sep-17,Colombo (RPS),India,Sri Lanka,70,8051,1342.1,10220,913,337,10301,403,1.413,382,85,9719,1597.1,11514,1108,297,12173,469,1.023,558,T1
225,16-Sep-17,Chester-le-Street,England,West Indies,87,10029,1629.3,12881,1174,431,12948,493,1.071,543,78,8831,1461.2,10816,910,487,11334,425,1.052,477,T2
226,7-Oct-17,Ranchi,India,Australia,71,8168,1362.1,10387,928,339,10467,410,1.448,385,88,9753,1684.4,13012,1058,535,12946,535,1.095,538,T1
227,10-Oct-17,Guwahati,India,Australia,72,8201,1380.5,10435,935,340,10584,417,1.482,386,89,9865,1690.1,13127,1069,537,12994,536,1.069,546,T2
228,26-Oct-17,Abu Dhabi,Pakistan,Sri Lanka,96,11100,1831,12900,1141,391,13168,568,1.181,633,86,9839,1616.3,11677,1122,305,12346,472,1,565,T1
229,26-Oct-17,Bloemfontein,South Africa,Bangladesh,92,10282,1705.2,12946,1115,463,12953,564,1.3,511,43,4905,809.5,5447,510,151,6515,212,0.194,321,T1
230,27-Oct-17,Abu Dhabi,Pakistan,Sri Lanka,97,11204,1849.3,12996,1149,391,13267,578,1.204,636,87,9950,1633.5,11775,1129,307,12448,475,0.977,575,T1
231,29-Oct-17,Potchefstroom,South Africa,Bangladesh,93,10403,1725.2,13131,1131,467,13127,573,1.325,515,44,5025,829.5,5608,524,158,6705,216,0.189,330,T1
232,29-Oct-17,Lahore,Pakistan,Sri Lanka,98,11323,1869.3,13111,1154,392,13390,584,1.227,644,88,10070,1653.4,11895,1140,308,12568,481,0.955,584,T1
233,1-Nov-17,Delhi,India,New Zealand,73,8322,1396.2,10543,944,342,10706,419,1.433,396,80,9093,1513.2,11084,946,409,11710,475,0.951,544,T1
234,4-Nov-17,Rajkot,India,New Zealand,74,8444,1416.2,10736,960,352,10852,426,1.466,399,81,9214,1533.2,11224,959,413,11906,478,0.928,552,T2
235,7-Nov-17,Thiruvananthapuram,India,New Zealand,75,8564,1436.2,10888,976,356,11046,428,1.419,406,82,9334,1553.2,11408,973,423,12059,485,0.952,554,T1
236,20-Dec-17,Cuttack,India,Sri Lanka,76,8612,1444.2,10952,980,359,11102,432,1.451,411,89,10190,1673.4,12036,1151,313,12746,484,0.934,593,T1
237,22-Dec-17,Indore,India,Sri Lanka,77,8733,1460.2,11125,998,363,11189,442,1.483,414,90,10286,1693.4,12121,1155,315,12924,487,0.914,603,T1
238,24-Dec-17,Wankhede,India,Sri Lanka,78,8853,1477.4,11376,1019,384,11359,451,1.516,419,91,10390,1713.4,12284,1166,325,13181,492,0.895,612,T1
239,29-Dec-17,Nelson,West Indies,New Zealand,79,8951,1480.5,10984,922,498,11484,435,1.078,486,83,9382,1561.2,11461,976,426,12124,490,0.93,560,T2
240,3-Jan-18,Mount Maunganui,West Indies,New Zealand,80,9065,1500.5,11120,934,503,11669,442,1.051,496,84,9506,1580.2,11642,993,432,12261,500,0.953,567,T2
241,22-Jan-18,Wellington,Pakistan,New Zealand,99,11445,1889.3,13285,1167,397,13533,593,1.25,647,85,9627,1596.5,11873,1005,449,12385,508,0.976,572,T2
242,25-Jan-18,Auckland,Pakistan,New Zealand,100,11563,1905.2,13387,1171,401,13638,596,1.222,657,86,9722,1616.3,11975,1014,452,12490,518,1,575,T1
243,28-Jan-18,Mount Maunganui,Pakistan,New Zealand,101,11683,1923.5,13578,1190,409,13779,605,1.244,661,87,9834,1636.3,12111,1024,458,12690,522,0.977,585,T1
244,3-Feb-18,Sydney,Australia,New Zealand,90,9958,1710.1,13247,1079,542,13107,545,1.093,548,88,9955,1656.3,12270,1034,467,12869,528,0.955,591,T1
245,7-Feb-18,Hobart,Australia,England,91,10027,1730.1,13341,1092,544,13218,554,1.116,551,88,10146,1649.3,13027,1189,433,13123,501,1.046,553,T1
246,10-Feb-18,Melbourne,Australia,England,92,10138,1750.1,13495,1106,550,13371,563,1.139,556,89,10266,1668,13176,1202,438,13280,506,1.022,562,T1
247,13-Feb-18,Wellington,England,New Zealand,90,10386,1682.3,13304,1215,439,13416,509,1,569,89,10075,1668,12375,1037,471,12965,531,0.934,600,T2
248,15-Feb-18,Mirpur,Sri Lanka,Bangladesh,92,10510,1733,12411,1179,327,13315,496,0.877,619,45,5138,849.5,5741,536,162,6928,220,0.184,340,T1
249,16-Feb-18,Auckland,Australia,New Zealand,93,10225,1770.1,13623,1118,557,13506,569,1.162,559,90,10195,1688,12558,1049,482,13145,538,0.956,605,T1
250,18-Feb-18,Hamilton,England,New Zealand,91,10506,1702.3,13482,1233,447,13606,514,0.978,578,91,10316,1706.5,12789,1063,500,13390,542,0.936,611,T1
251,18-Feb-18,Sylhet,Sri Lanka,Bangladesh,93,10610,1753,12590,1202,335,13504,501,0.897,623,46,5259,866.3,5913,552,167,7119,224,0.179,345,T1
252,18-Feb-18,Johannesburg,India,South Africa,79,8969,1497.4,11507,1030,387,11492,458,1.548,424,94,10523,1743.5,13352,1151,478,13266,581,1.35,519,T1
253,21-Feb-18,Auckland,Australia,New Zealand,94,10340,1790.1,13848,1137,571,13746,575,1.186,564,92,10438,1726.5,12968,1073,513,13584,549,0.916,615,T1
254,21-Feb-18,Centurion,India,South Africa,80,9089,1517.4,11699,1050,394,11665,466,1.58,429,95,10644,1763.5,13519,1168,483,13467,586,1.317,528,T2
255,24-Feb-18,Cape Town,India,South Africa,81,9209,1536.2,11886,1068,402,11852,470,1.531,433,96,10756,1783.5,13701,1180,494,13655,590,1.341,532,T1
256,6-Mar-18,Colombo (RPS),India,Sri Lanka,82,9330,1556.2,12050,1082,405,12015,476,1.562,440,94,10731,1771.4,12790,1223,343,13639,510,0.918,627,T2
257,8-Mar-18,Colombo (RPS),India,Bangladesh,83,9450,1574.5,12214,1094,413,12186,481,1.515,445,47,5371,886.3,6038,562,172,7327,228,0.175,355,T1
258,10-Mar-18,Colombo (RPS),Sri Lanka,Bangladesh,95,10843,1791.4,12954,1236,351,13809,515,0.938,632,48,5493,905.1,6162,574,175,7465,232,0.17,363,T2
259,12-Mar-18,Colombo (RPS),India,Sri Lanka,84,9562,1594.5,12350,1107,416,12323,488,1.545,449,96,10964,1811.2,13151,1253,361,14021,519,0.92,638,T1
260,14-Mar-18,Colombo (RPS),India,Bangladesh,85,9667,1613.5,12495,1120,420,12474,497,1.575,453,49,5612,925.1,6368,590,187,7675,238,0.195,368,T1
261,16-Mar-18,Colombo (RPS),Sri Lanka,Bangladesh,97,11079,1828.5,13293,1259,369,14173,523,0.901,647,50,5733,945.1,6520,608,190,7850,240,0.19,374,T2
262,18-Mar-18,Colombo (RPS),India,Bangladesh,86,9787,1633.5,12668,1135,428,12632,503,1.606,456,51,5852,965.1,6671,620,194,8005,246,0.214,382,T1
263,1-Apr-18,Karachi,Pakistan,West Indies,102,11804,1943.5,13754,1207,414,13942,611,1.266,667,81,9166,1520.5,11238,944,510,11908,446,1.025,505,T1
264,2-Apr-18,Karachi,Pakistan,West Indies,103,11925,1957.3,13943,1227,420,14002,620,1.288,672,82,9248,1540.5,11295,949,513,12105,449,1,514,T1
265,3-Apr-18,Karachi,Pakistan,West Indies,104,12045,1976.5,14140,1252,424,14122,629,1.311,675,83,9364,1560.5,11414,962,517,12308,452,0.976,524,T1
266,27-Jun-18,Birmingham,Australia,England,95,10429,1810.1,13963,1145,576,13893,584,1.209,567,92,10627,1722.3,13671,1245,461,13789,518,1,585,T2
267,2-Jul-18,Harare,Pakistan,Australia,105,12146,1996.5,14287,1269,427,14269,634,1.333,677,96,10548,1830.1,14150,1160,586,14113,588,1.181,577,T2
268,3-Jul-18,Manchester,India,England,87,9907,1653.5,12832,1149,436,12796,509,1.636,462,93,10747,1742.1,13889,1267,471,13981,528,1.021,590,T1
269,5-Jul-18,Harare,Pakistan,Australia,106,12265,2007.4,14398,1276,431,14381,635,1.304,687,97,10613,1850,14253,1168,592,14228,597,1.204,578,T1
270,6-Jul-18,Cardiff,India,England,88,10017,1673.5,12989,1163,443,12953,517,1.666,464,94,10867,1760.3,14041,1283,475,14142,530,1,598,T2
271,8-Jul-18,Harare,Pakistan,Australia,107,12385,2027.4,14586,1295,440,14525,642,1.326,694,98,10733,1870,14395,1179,596,14422,604,1.177,585,T1
272,8-Jul-18,Bristol,India,England,89,10138,1693.3,13128,1173,447,13098,522,1.617,469,95,10985,1780.3,14185,1294,481,14284,534,1.021,603,T1
273,31-Jul-18,Basseterre,West Indies,Bangladesh,84,9485,1577.4,11560,974,525,12457,454,0.953,530,55,6326,1044,7213,669,210,8605,269,0.195,414,T1
274,4-Aug-18,Lauderhill,West Indies,Bangladesh,85,9540,1597.4,11645,979,533,12598,463,0.976,533,56,6446,1053.1,7344,684,212,8696,272,0.191,423,T2
275,5-Aug-18,Lauderhill,West Indies,Bangladesh,86,9660,1617.4,11794,989,542,12767,468,0.954,542,57,6566,1073.1,7511,701,218,8854,281,0.212,428,T2
276,14-Aug-18,Colombo (RPS),South Africa,Sri Lanka,97,10876,1803.5,13862,1194,500,13825,596,1.309,538,98,11199,1848.4,13443,1272,373,14333,529,0.884,654,T2
277,24-Oct-18,Abu Dhabi,Pakistan,Australia,108,12501,2047.4,14765,1315,446,14704,650,1.347,698,99,10854,1889.2,14570,1192,605,14607,607,1.152,593,T1
278,26-Oct-18,Dubai (DSC),Pakistan,Australia,109,12621,2064.3,14915,1327,450,14789,659,1.369,706,100,10955,1909.2,14655,1204,605,14758,615,1.127,603,T1
279,27-Oct-18,Colombo (RPS),England,Sri Lanka,96,11106,1799.1,14378,1313,493,14485,537,1,612,99,11297,1865.2,13537,1283,376,14425,538,0.903,661,T1
280,28-Oct-18,Dubai (DSC),Pakistan,Australia,110,12741,2084.3,15052,1336,454,14912,665,1.391,712,101,11075,1929.2,14773,1209,611,14899,621,1.104,611,T1
281,31-Oct-18,Abu Dhabi,Pakistan,New Zealand,111,12861,2103.4,15198,1349,459,15024,673,1.413,717,93,10558,1741.3,13110,1084,518,13700,552,0.897,624,T1
282,2-Nov-18,Dubai (DSC),Pakistan,New Zealand,112,12981,2123.4,15341,1361,465,15168,678,1.434,723,94,10678,1761.3,13253,1096,521,13846,557,0.88,630,T1
283,4-Nov-18,Eden Gardens,India,West Indies,90,10250,1713.3,13328,1192,458,13292,530,1.647,472,87,9763,1637.4,11917,996,549,12947,473,0.933,549,T1
284,4-Nov-18,Dubai (DSC),Pakistan,New Zealand,113,13099,2143.4,15487,1370,471,15319,683,1.456,727,95,10800,1781.1,13401,1107,526,13997,561,0.862,637,T1
285,6-Nov-18,Lucknow,India,West Indies,91,10357,1733.3,13425,1203,459,13399,537,1.676,477,88,9883,1655.3,12021,1009,550,13048,478,0.913,557,T1
286,11-Nov-18,Chennai,India,West Indies,92,10479,1753.3,13610,1217,467,13516,545,1.705,479,89,10003,1675.3,12129,1020,554,13243,480,0.893,566,T1
287,17-Nov-18,Carrara,South Africa,Australia,98,10977,1819.5,13952,1204,502,13924,603,1.279,548,102,11191,1949.2,14883,1217,615,15049,626,1.081,621,T1
288,21-Nov-18,Brisbane,India,Australia,93,10601,1773.3,13785,1237,472,13693,548,1.735,483,103,11251,1959.2,14961,1224,617,15150,632,1.06,628,T2
289,25-Nov-18,Sydney,India,Australia,94,10706,1790.3,13942,1254,476,13850,552,1.685,490,104,11353,1976.2,15113,1232,626,15316,639,1.08,632,T1
290,17-Dec-18,Sylhet,West Indies,Bangladesh,90,10123,1695.3,12290,1033,563,13424,484,0.875,569,58,6687,1090.2,7684,719,223,8982,288,0.234,433,T1
291,20-Dec-18,Mirpur,West Indies,Bangladesh,91,10188,1714.3,12414,1041,573,13547,493,0.895,571,59,6802,1101.1,7805,734,225,9107,290,0.229,443,T2
292,22-Dec-18,Mirpur,West Indies,Bangladesh,92,10304,1734.3,12575,1056,579,13754,497,0.877,581,60,6924,1120.3,7998,756,231,9276,300,0.25,447,T1
293,11-Jan-19,Auckland,Sri Lanka,New Zealand,100,11417,1885.2,13683,1293,384,14611,545,0.886,671,96,10901,1801.1,13517,1118,529,14162,564,0.846,647,T2
294,1-Feb-19,Cape Town,Pakistan,South Africa,114,13219,2160.3,15651,1385,475,15436,691,1.478,730,99,11038,1829.5,14048,1214,505,14006,610,1.302,554,T2
295,3-Feb-19,Johannesburg,Pakistan,South Africa,115,13339,2180.3,15827,1402,480,15624,697,1.446,739,100,11159,1849.5,14234,1231,511,14189,617,1.325,560,T2
296,6-Feb-19,Wellington,India,New Zealand,95,10824,1810.3,14103,1266,484,14011,557,1.714,494,97,11022,1818,13678,1125,541,14306,574,0.865,654,T2
297,6-Feb-19,Centurion,Pakistan,South Africa,116,13460,2200.3,16002,1426,482,15808,699,1.416,746,101,11280,1869.5,14410,1242,522,14370,624,1.348,563,T1
298,8-Feb-19,Auckland,India,New Zealand,96,10941,1830.3,14235,1277,491,14229,563,1.666,504,98,11142,1837.2,13891,1139,555,14442,584,0.884,660,T1
299,10-Feb-19,Hamilton,India,New Zealand,97,11054,1850.3,14389,1288,497,14386,570,1.694,507,99,11262,1856.1,14040,1147,561,14601,587,0.867,668,T2
300,24-Feb-19,Visakhapatnam,India,Australia,98,11174,1870.3,14585,1301,510,14594,574,1.648,513,105,11473,1996,15265,1253,626,15483,643,1.058,638,T2
301,27-Feb-19,Bengaluru,India,Australia,99,11294,1890.3,14700,1310,512,14721,579,1.605,520,106,11593,2016,15390,1266,628,15607,649,1.078,645,T2
302,5-Mar-19,Gros Islet,England,West Indies,97,11226,1819.1,14562,1330,503,14632,547,1.02,620,93,10420,1751.3,12757,1070,591,13890,506,0.897,591,T1
303,8-Mar-19,Basseterre,England,West Indies,98,11339,1839.1,14700,1346,506,14791,555,1.041,626,94,10540,1770.2,12906,1079,601,14036,512,0.88,599,T1
304,10-Mar-19,Basseterre,England,West Indies,99,11459,1851,14878,1365,511,14836,565,1.062,632,95,10611,1790.2,12951,1083,602,14216,517,0.862,609,T1
305,22-Mar-19,Centurion,South Africa,Sri Lanka,102,11400,1889.5,14546,1254,527,14534,632,1.318,572,101,11518,1905.2,13817,1304,389,14786,552,0.87,681,T1
306,24-Mar-19,Johannesburg,South Africa,Sri Lanka,103,11521,1909.5,14720,1270,532,14698,640,1.34,575,102,11639,1925.2,13977,1320,397,14964,555,0.854,690,T1
307,5-May-19,Cardiff,Pakistan,England,117,13580,2220.3,16159,1441,488,15949,708,1.437,755,100,11522,1864,14949,1373,515,14906,575,1.083,634,T2
308,3-Aug-19,Lauderhill,India,West Indies,100,11414,1910.1,14882,1321,525,14914,582,1.564,524,96,10689,1800.5,13020,1089,605,14288,519,0.846,619,T1
309,4-Aug-19,Lauderhill,India,West Indies,101,11518,1930.1,14975,1327,528,15009,591,1.589,530,97,10809,1818.1,13107,1093,611,14386,525,0.83,628,T1
310,6-Aug-19,Providence,India,West Indies,102,11638,1945.4,15132,1337,535,15106,595,1.615,535,98,10903,1838.1,13198,1102,614,14550,530,0.814,632,T1
311,1-Sep-19,Pallekele,New Zealand,Sri Lanka,100,11382,1876.1,14245,1165,571,14808,593,0.886,672,103,11734,1945.2,14093,1331,402,15160,557,0.839,700,T1
312,3-Sep-19,Pallekele,New Zealand,Sri Lanka,101,11500,1896.1,14402,1174,578,14979,596,0.905,677,104,11854,1964.5,14258,1343,407,15326,562,0.824,704,T1
313,6-Sep-19,Pallekele,New Zealand,Sri Lanka,102,11618,1916.1,14561,1186,583,15136,604,0.924,683,105,11974,1984.3,14415,1355,412,15489,567,0.81,713,T2
314,18-Sep-19,Mohali,India,South Africa,103,11753,1965.4,15281,1349,540,15248,601,1.641,538,104,11641,1925.3,14912,1288,541,14827,649,1.363,577,T1
315,22-Sep-19,Bengaluru,India,South Africa,104,11867,1985.4,15425,1359,546,15392,606,1.666,541,105,11761,1944.3,15056,1300,545,14976,652,1.333,582,T2
316,5-Oct-19,Lahore,Pakistan,Sri Lanka,118,13700,2239.5,16326,1456,493,16122,711,1.408,761,106,12094,2000.3,14527,1365,412,15575,576,0.827,721,T2
317,7-Oct-19,Lahore,Pakistan,Sri Lanka,119,13806,2259.5,16420,1464,493,16281,715,1.38,771,107,12214,2018.1,14680,1379,417,15671,585,0.844,726,T2
318,9-Oct-19,Lahore,Pakistan,Sri Lanka,120,13920,2279.5,16557,1481,495,16456,718,1.352,781,108,12334,2037.1,14851,1395,424,15816,595,0.862,732,T2
319,27-Oct-19,Adelaide,Australia,Sri Lanka,107,11712,2036,15578,1282,637,15794,653,1.098,648,109,12454,2057.1,14984,1407,427,15949,601,0.879,739,T1
320,30-Oct-19,Brisbane,Australia,Sri Lanka,108,11833,2056,15805,1307,647,15887,661,1.117,650,110,12575,2077.1,15075,1415,428,16182,603,0.864,748,T1
321,1-Nov-19,Christchurch,England,New Zealand,101,11639,1884,15118,1389,520,15076,579,1.104,637,103,11714,1936.1,14642,1189,587,15252,611,0.907,693,T1
322,1-Nov-19,Melbourne,Australia,Sri Lanka,109,11911,2075,15918,1322,647,16003,669,1.137,651,111,12689,2090.1,15188,1424,430,16298,604,0.85,758,T1
323,3-Nov-19,Wellington,England,New Zealand,102,11750,1904,15271,1409,524,15226,584,1.125,640,104,11834,1954.4,14791,1196,594,15406,614,0.89,698,T2
324,3-Nov-19,Delhi,India,Bangladesh,105,11987,2002.3,15544,1369,550,15530,607,1.625,550,63,7265,1179.5,8389,789,242,9756,321,0.26,473,T2
325,5-Nov-19,Nelson,England,New Zealand,103,11869,1924,15423,1419,533,15399,592,1.102,650,105,11954,1974.3,14962,1205,606,15559,624,0.909,706,T2
326,5-Nov-19,Canberra,Pakistan,Australia,121,14040,2299.5,16686,1488,498,16602,723,1.326,787,110,12017,2095,16052,1329,653,16137,675,1.156,654,T2
327,7-Nov-19,Rajkot,India,Bangladesh,106,12107,2022,15688,1381,556,15681,610,1.585,556,64,7382,1199.5,8536,802,247,9901,326,0.28,476,T1
328,8-Nov-19,Napier,England,New Zealand,104,11989,1944,15583,1433,539,15573,598,1.08,657,106,12076,1994.3,15126,1224,611,15724,630,0.927,713,T1
329,8-Nov-19,Perth,Pakistan,Australia,122,14160,2318.2,16835,1501,501,16753,726,1.301,793,111,12130,2115,16198,1348,654,16286,679,1.176,657,T2
330,10-Nov-19,Nagpur,India,Bangladesh,107,12201,2042,15836,1394,563,15832,615,1.609,558,65,7503,1215.3,8683,818,248,10054,328,0.274,482,T1
331,6-Dec-19,Hyderabad (Deccan),India,West Indies,108,12321,2061.2,16008,1411,568,15973,625,1.634,563,102,11384,1917.2,13713,1132,636,15129,556,0.789,658,T1
332,8-Dec-19,Thiruvananthapuram,India,West Indies,109,12436,2081.2,16194,1423,580,16178,630,1.658,567,103,11504,1936,13914,1143,651,15332,560,0.775,663,T2
333,11-Dec-19,Wankhede,India,West Indies,110,12558,2099.5,16346,1435,585,16351,632,1.619,574,104,11616,1956,14082,1154,663,15499,567,0.793,665,T1
334,7-Jan-20,Indore,India,Sri Lanka,111,12679,2119.5,16578,1454,601,16519,640,1.642,577,112,12809,2107.5,15321,1430,434,16438,607,0.836,764,T1
335,10-Jan-20,Pune,India,Sri Lanka,112,12784,2139.5,16720,1466,604,16659,649,1.666,580,113,12929,2125.2,15457,1445,437,16580,610,0.822,773,T1
336,24-Jan-20,Auckland,India,New Zealand,113,12904,2155.4,16915,1486,610,16781,657,1.69,586,107,12177,2014.3,15280,1232,621,15962,633,0.91,723,T1
337,24-Jan-20,Lahore,Pakistan,Bangladesh,123,14280,2330.1,16936,1511,502,16861,726,1.277,801,66,7619,1235.3,8822,833,251,10228,333,0.269,492,T1
338,25-Jan-20,Lahore,Pakistan,Bangladesh,124,14397,2350.1,17074,1526,502,16999,729,1.296,806,67,7739,1255,8956,846,254,10369,338,0.264,497,T1
339,26-Jan-20,Auckland,India,New Zealand,114,13019,2175.4,17108,1499,620,16983,662,1.714,590,108,12297,2033.3,15477,1249,631,16166,637,0.894,728,T1
340,2-Feb-20,Mount Maunganui,India,New Zealand,115,13124,2195.4,17236,1506,626,17114,667,1.738,593,109,12417,2051,15604,1256,636,16301,640,0.879,733,T1
341,12-Feb-20,East London,South Africa,England,106,11862,1964.3,15190,1312,551,15107,660,1.355,583,105,12111,1960.5,15816,1454,553,15735,607,1.1,660,T1
342,14-Feb-20,Durban,South Africa,England,107,11984,1984.3,15355,1327,556,15282,668,1.377,591,106,12231,1980.5,15991,1474,557,15905,614,1.078,669,T2
343,16-Feb-20,Centurion,South Africa,England,108,12104,2004.3,15553,1336,571,15484,675,1.347,598,107,12351,2000.5,16189,1488,570,16106,621,1.098,676,T2
344,21-Feb-20,Johannesburg,South Africa,Australia,109,12224,2023.4,15761,1351,584,15710,680,1.319,604,112,12201,2135,16298,1356,659,16391,687,1.196,657,T2
345,23-Feb-20,Gqeberha,South Africa,Australia,110,12311,2043.4,15843,1359,586,15904,686,1.291,614,113,12321,2149.3,16480,1376,665,16480,697,1.215,663,T1
346,26-Feb-20,Cape Town,South Africa,Australia,111,12431,2063.4,15997,1369,592,16042,692,1.312,618,114,12442,2169.3,16614,1384,668,16635,701,1.192,669,T2
347,4-Mar-20,Pallekele,Sri Lanka,West Indies,114,13024,2145.2,15575,1455,443,16779,615,0.809,783,105,11736,1976,14245,1166,675,15736,570,0.779,673,T2
348,6-Mar-20,Pallekele,Sri Lanka,West Indies,115,13139,2165.2,15727,1468,448,16971,619,0.796,793,106,11856,1976,14431,1185,684,15736,570,0.796,677,T2
349,30-Aug-20,Manchester,Pakistan,England,125,14497,2370.1,17207,1542,504,17133,734,1.314,807,108,12466,2020.5,16412,1507,585,16323,627,1.117,681,T2
350,1-Sep-20,Manchester,Pakistan,England,126,14619,2389.2,17390,1560,509,17331,739,1.29,811,109,12582,2040.5,16607,1525,593,16512,631,1.137,686,T1
351,4-Sep-20,Southampton,Australia,England,115,12563,2185,16793,1396,675,16731,711,1.211,674,110,12704,2060.5,16781,1542,600,16701,635,1.115,694,T2
352,6-Sep-20,Southampton,Australia,England,116,12683,2205,16944,1409,678,16891,718,1.188,680,111,12824,2080.5,16935,1556,605,16859,640,1.134,701,T2
353,8-Sep-20,Southampton,Australia,England,117,12803,2223.5,17095,1420,685,17044,722,1.166,687,112,12937,2100.5,17085,1575,608,17014,645,1.153,705,T1
354,27-Nov-20,Auckland,New Zealand,West Indies,110,12538,2071,15755,1269,644,16463,643,0.864,742,107,11958,2015.1,14583,1196,692,16042,585,0.813,680,T1
355,27-Nov-20,Cape Town,South Africa,England,112,12524,2083.4,16089,1375,594,16230,697,1.285,628,113,13058,2120.2,17225,1587,612,17160,650,1.132,711,T2
356,29-Nov-20,Mount Maunganui,New Zealand,West Indies,111,12636,2087,15919,1282,655,16637,650,0.881,747,108,12058,2030.3,14737,1209,704,16215,589,0.8,687,T1
357,29-Nov-20,Paarl,South Africa,England,113,12644,2103,16258,1385,601,16410,702,1.26,634,114,13174,2140.2,17393,1601,621,17338,656,1.15,716,T2
358,1-Dec-20,Cape Town,South Africa,England,114,12764,2122.5,16394,1396,603,16553,708,1.235,640,115,13293,2160.2,17533,1618,624,17483,661,1.169,722,T2
359,4-Dec-20,Canberra,India,Australia,116,13244,2215.4,17392,1516,634,17269,675,1.761,596,118,12920,2243.5,17238,1433,688,17187,728,1.185,692,T1
360,6-Dec-20,Sydney,India,Australia,117,13365,2235.4,17545,1529,638,17415,682,1.785,603,119,13040,2263.5,17383,1443,693,17346,735,1.163,699,T1
361,8-Dec-20,Sydney,India,Australia,118,13484,2255.4,17736,1542,647,17608,686,1.809,607,120,13160,2283.3,17568,1458,700,17540,739,1.142,704,T2
362,18-Dec-20,Auckland,Pakistan,New Zealand,127,14740,2409.2,17573,1574,517,17509,745,1.309,815,112,12760,2107,16144,1304,669,16802,658,0.898,750,T2
363,20-Dec-20,Hamilton,Pakistan,New Zealand,128,14860,2428.1,17720,1585,525,17664,750,1.285,824,113,12873,2127,16296,1318,675,16952,667,0.915,755,T2
364,22-Dec-20,Napier,Pakistan,New Zealand,129,14980,2447.3,17881,1603,531,17828,751,1.263,830,114,12989,2147,16458,1335,681,17113,673,0.932,756,T1
365,11-Feb-21,Lahore,Pakistan,South Africa,130,15098,2467.3,18051,1619,538,18000,758,1.28,836,115,12885,2140.3,16582,1410,614,16741,709,1.211,643,T1
366,13-Feb-21,Lahore,Pakistan,South Africa,131,15218,2487.3,18214,1627,549,18166,763,1.298,842,116,13005,2160.3,16746,1433,617,16906,714,1.188,649,T2
367,14-Feb-21,Lahore,Pakistan,South Africa,132,15338,2503.5,18352,1642,552,18311,767,1.275,849,117,13105,2180.3,16883,1446,623,17047,721,1.207,653,T1
368,22-Feb-21,Christchurch,Australia,New Zealand,121,13281,2303.3,17742,1472,705,17713,746,1.16,709,115,13110,2166.4,16629,1351,687,17286,679,0.916,763,T2
369,25-Feb-21,Dunedin,Australia,New Zealand,122,13387,2323.3,17864,1482,710,17892,751,1.14,719,116,13230,2184.1,16804,1367,693,17416,689,0.933,768,T2
370,3-Mar-21,Wellington,Australia,New Zealand,123,13508,2343.3,18071,1498,723,18110,757,1.12,727,117,13350,2204.1,17018,1377,711,17631,697,0.95,775,T1
371,3-Mar-21,Coolidge,West Indies,Sri Lanka,109,12178,2050.3,14888,1212,718,16449,592,0.786,696,116,13260,2182.2,15861,1482,450,17129,622,0.784,799,T1
372,5-Mar-21,Wellington,Australia,New Zealand,124,13630,2360.4,18273,1519,731,18253,767,1.137,731,118,13453,2224.1,17160,1388,718,17837,701,0.934,785,T1
373,5-Mar-21,Coolidge,West Indies,Sri Lanka,110,12258,2070.3,15013,1218,731,16578,599,0.803,702,117,13380,2195.3,15987,1490,453,17259,628,0.772,808,T2
374,7-Mar-21,Wellington,Australia,New Zealand,125,13750,2379.3,18426,1531,738,18357,776,1.155,737,119,13566,2244.1,17260,1399,719,17993,707,0.919,795,T2
375,7-Mar-21,Coolidge,West Indies,Sri Lanka,111,12372,2090.3,15127,1225,738,16735,603,0.79,712,118,13500,2214.1,16138,1501,457,17375,638,0.787,814,T1
376,12-Mar-21,Ahmedabad,India,England,119,13604,2275.4,17903,1551,654,17793,690,1.767,614,116,13400,2180.2,17715,1633,635,17674,664,1.188,723,T2
377,14-Mar-21,Ahmedabad,India,England,120,13724,2291.1,18025,1563,657,17923,692,1.727,621,117,13493,2200.2,17842,1642,642,17798,671,1.207,725,T1
378,16-Mar-21,Ahmedabad,India,England,121,13832,2311.1,18188,1575,666,18076,698,1.75,624,118,13613,2218.1,17990,1657,645,17963,674,1.185,731,T2
379,18-Mar-21,Ahmedabad,India,England,122,13952,2329.3,18335,1589,672,18228,700,1.711,630,119,13723,2238.1,18140,1669,650,18113,679,1.203,733,T1
380,20-Mar-21,Ahmedabad,India,England,123,14072,2349.3,18511,1610,678,18403,708,1.733,638,120,13843,2258.1,18311,1684,658,18293,687,1.181,741,T1
381,28-Mar-21,Hamilton,New Zealand,Bangladesh,120,13659,2264.1,17402,1414,726,18132,715,0.935,798,68,7860,1271.4,9084,858,257,10505,339,0.259,503,T1
382,30-Mar-21,Napier,New Zealand,Bangladesh,121,13779,2284.1,17606,1433,736,18274,723,0.951,801,69,7980,1291.4,9219,875,259,10713,342,0.254,511,T1
383,1-Apr-21,Auckland,New Zealand,Bangladesh,122,13888,2300.1,17772,1451,741,18414,730,0.967,806,70,8077,1309.3,9353,889,263,10883,347,0.25,518,T1
384,10-Apr-21,Johannesburg,Pakistan,South Africa,133,15451,2523.5,18513,1656,560,18471,775,1.293,855,118,13225,2199.1,17041,1460,632,17215,727,1.185,661,T1
385,12-Apr-21,Johannesburg,Pakistan,South Africa,134,15571,2543.5,18694,1681,564,18658,781,1.31,861,119,13345,2219,17228,1474,642,17402,733,1.163,667,T2
386,14-Apr-21,Centurion,Pakistan,South Africa,135,15694,2557.5,18826,1695,567,18798,785,1.288,870,120,13429,2239,17367,1488,650,17541,741,1.181,671,T1
387,16-Apr-21,Centurion,Pakistan,South Africa,136,15802,2577.5,19029,1717,573,18999,790,1.305,871,121,13549,2257,17567,1504,660,17745,742,1.16,676,T1
388,23-Jun-21,Cardiff,England,Sri Lanka,121,13963,2278.1,18479,1698,667,18514,689,1.16,749,119,13620,2233.1,16265,1509,459,17504,645,0.776,818,T1
389,24-Jun-21,Cardiff,England,Sri Lanka,122,14066,2298.1,18603,1711,670,18641,696,1.178,751,120,13740,2250.2,16387,1516,462,17633,647,0.764,825,T1
390,26-Jun-21,Southampton,England,Sri Lanka,123,14163,2318.1,18704,1719,672,18749,702,1.196,756,121,13860,2266.3,16491,1520,464,17737,652,0.753,832,T1
391,26-Jun-21,St George's,South Africa,West Indies,122,13667,2276.5,17699,1515,665,17892,749,1.14,686,112,12487,2110.3,15252,1232,747,16865,607,0.806,719,T2
392,27-Jun-21,St George's,South Africa,West Indies,123,13787,2291.5,17853,1527,670,18052,750,1.12,692,113,12577,2130.3,15408,1241,762,17022,613,0.822,721,T1
393,29-Jun-21,St George's,South Africa,West Indies,124,13907,2311.5,18000,1540,674,18200,758,1.137,699,114,12698,2150.3,15552,1251,770,17178,620,0.809,730,T1
394,1-Jul-21,St George's,South Africa,West Indies,125,14028,2331.5,18151,1551,678,18362,765,1.155,707,115,12818,2170.3,15700,1257,780,17339,627,0.796,737,T2
395,3-Jul-21,St George's,South Africa,West Indies,126,14149,2351.5,18284,1562,682,18527,771,1.135,716,116,12938,2190.3,15861,1269,791,17477,636,0.812,743,T1
396,9-Jul-21,Gros Islet,Australia,West Indies,126,13871,2395,18557,1541,743,18500,779,1.135,745,117,13059,2210.3,15997,1275,800,17643,640,0.8,752,T2
397,10-Jul-21,Gros Islet,Australia,West Indies,127,13967,2415,18679,1547,750,18639,784,1.116,755,118,13179,2226.3,16131,1285,808,17770,650,0.815,758,T2
398,12-Jul-21,Gros Islet,Australia,West Indies,128,14083,2435,18803,1556,752,18831,787,1.098,765,119,13301,2245.5,16315,1293,821,17904,659,0.83,762,T2
399,14-Jul-21,Gros Islet,Australia,West Indies,129,14203,2449.5,18936,1567,754,18969,791,1.08,771,120,13391,2265.5,16447,1306,830,18044,664,0.846,766,T1
400,16-Jul-21,Nottingham,Pakistan,England,137,15925,2597.2,19165,1727,579,19133,800,1.322,878,124,14283,2337,18872,1735,677,18832,711,1.214,762,T1
401,16-Jul-21,Gros Islet,Australia,West Indies,130,14325,2469.5,19111,1581,764,19154,797,1.096,777,121,13512,2285.5,16626,1324,841,18229,670,0.833,772,T2
402,18-Jul-21,Leeds,Pakistan,England,138,16045,2616.4,19390,1747,591,19333,809,1.338,884,125,14399,2357,19063,1746,692,19060,716,1.192,772,T2
403,20-Jul-21,Manchester,Pakistan,England,139,16165,2636.3,19541,1758,597,19530,818,1.316,893,126,14519,2377,19253,1767,700,19214,725,1.21,782,T2
404,25-Jul-21,Colombo (RPS),India,Sri Lanka,124,14192,2369.3,18726,1628,689,18582,715,1.755,640,122,13974,2286.3,16566,1524,467,17914,658,0.742,842,T1
405,28-Jul-21,Colombo (RPS),India,Sri Lanka,125,14312,2388,18882,1640,694,18708,725,1.777,645,123,14085,2306.3,16686,1533,471,18076,663,0.732,852,T2
406,29-Jul-21,Colombo (RPS),India,Sri Lanka,126,14432,2407.4,19002,1647,695,18838,731,1.739,650,124,14203,2326.3,16813,1543,473,18207,668,0.746,858,T2
407,31-Jul-21,Providence,Pakistan,West Indies,140,16285,2656.1,19686,1768,602,19684,825,1.295,899,122,13635,2305.5,16810,1333,858,18409,677,0.848,780,T1
408,3-Aug-21,Mirpur,Australia,Bangladesh,131,14445,2489.5,19278,1601,769,19352,805,1.079,786,71,8134,1319.3,9428,894,268,11024,350,0.245,528,T2
409,4-Aug-21,Mirpur,Australia,Bangladesh,132,14565,2509.5,19377,1607,771,19481,812,1.062,796,72,8255,1339.3,9553,902,271,11130,360,0.263,535,T2
410,6-Aug-21,Mirpur,Australia,Bangladesh,133,14685,2528.3,19496,1619,772,19604,817,1.046,803,73,8367,1359.3,9670,914,273,11250,367,0.28,540,T2
411,7-Aug-21,Mirpur,Australia,Bangladesh,134,14806,2548.3,19612,1627,776,19727,824,1.03,807,74,8488,1379.3,9790,923,275,11367,371,0.298,549,T1
412,9-Aug-21,Mirpur,Australia,Bangladesh,135,14920,2568.3,19714,1631,782,19830,833,1.045,814,75,8609,1398.3,9889,927,278,11471,377,0.293,558,T2
413,1-Sep-21,Mirpur,New Zealand,Bangladesh,123,13948,2309.4,17912,1463,751,18490,740,0.983,810,76,8729,1412.1,9993,932,282,11532,387,0.31,566,T2
414,3-Sep-21,Mirpur,New Zealand,Bangladesh,124,14049,2324.4,17970,1466,751,18552,743,0.968,820,77,8819,1429,10050,937,282,11590,397,0.327,569,T2
415,5-Sep-21,Mirpur,New Zealand,Bangladesh,125,14170,2344.4,18102,1477,753,18691,749,0.953,825,78,8939,1449,10187,951,283,11725,402,0.344,575,T1
416,8-Sep-21,Mirpur,New Zealand,Bangladesh,126,14290,2364.2,18228,1491,753,18766,759,0.968,830,79,9057,1469,10259,957,283,11853,407,0.338,585,T2
417,10-Sep-21,Mirpur,New Zealand,Bangladesh,127,14407,2383.3,18318,1497,755,18860,762,0.953,840,80,9172,1488.3,10351,961,286,11944,417,0.355,589,T1
418,10-Sep-21,Colombo (RPS),South Africa,Sri Lanka,127,14269,2371.5,18442,1571,688,18669,780,1.152,720,125,14290,2346.3,16886,1548,473,18288,676,0.76,861,T1
419,12-Sep-21,Colombo (RPS),South Africa,Sri Lanka,128,14389,2391.5,18602,1581,693,18803,785,1.169,725,126,14410,2366.3,17008,1555,477,18451,681,0.75,867,T1
420,14-Sep-21,Colombo (RPS),South Africa,Sri Lanka,129,14475,2410,18699,1593,693,18903,795,1.186,726,127,14519,2380.4,17104,1560,480,18552,682,0.739,877,T1
421,23-Oct-21,Abu Dhabi,South Africa,Australia,130,14563,2430,18814,1605,694,19022,802,1.203,726,136,15002,2588.3,19775,1631,785,19945,840,1.029,824,T2
422,23-Oct-21,Dubai (DSC),England,West Indies,127,14637,2397,19406,1785,704,19362,730,1.228,789,123,13755,2325.5,16953,1340,867,18563,683,0.835,784,T1
423,24-Oct-21,Sharjah,Sri Lanka,Bangladesh,128,14639,2395.2,17220,1568,482,18673,682,0.729,885,81,9292,1508.3,10481,971,290,12104,422,0.35,597,T1
424,24-Oct-21,Dubai (DSC),India,Pakistan,127,14552,2422.1,19080,1651,695,18916,734,1.702,658,141,16406,2676.1,19835,1779,607,19831,829,1.311,907,T2
425,26-Oct-21,Dubai (DSC),South Africa,West Indies,131,14683,2449.4,18926,1614,696,19142,807,1.183,735,124,13841,2334.1,17005,1346,868,18619,686,0.823,794,T1
426,26-Oct-21,Sharjah,Pakistan,New Zealand,142,16513,2696.1,19982,1791,612,19975,836,1.327,907,128,14527,2403.3,18478,1512,761,18994,770,0.969,845,T1
427,27-Oct-21,Abu Dhabi,England,Bangladesh,128,14688,2411.2,19461,1791,705,19417,740,1.245,793,82,9415,1527.2,10643,989,292,12276,427,0.344,601,T1
428,28-Oct-21,Dubai (DSC),Australia,Sri Lanka,137,15120,2608.3,19892,1644,785,20058,848,1.044,829,129,14752,2415.2,17385,1578,491,18839,685,0.743,890,T1
429,29-Oct-21,Sharjah,West Indies,Bangladesh,125,13962,2352.3,17141,1355,876,18762,687,0.811,802,83,9535,1541.3,10760,999,294,12396,429,0.338,610,T1
430,30-Oct-21,Sharjah,South Africa,Sri Lanka,132,14793,2469.4,19061,1623,701,19283,814,1.2,737,130,14873,2432.2,17524,1594,494,18994,688,0.733,896,T1
431,30-Oct-21,Dubai (DSC),England,Australia,129,14773,2431.2,19576,1801,709,19539,748,1.263,795,138,15224,2628.3,20043,1663,788,20208,854,1.059,832,T1
432,31-Oct-21,Dubai (DSC),India,New Zealand,128,14673,2440,19219,1662,699,19067,734,1.666,665,129,14649,2422.1,18604,1524,764,19127,775,0.954,853,T2
433,1-Nov-21,Sharjah,England,Sri Lanka,130,14844,2451.2,19693,1808,717,19658,757,1.28,797,131,14993,2452.1,17657,1606,498,19137,693,0.723,906,T1
434,2-Nov-21,Abu Dhabi,South Africa,Bangladesh,133,14913,2489.4,19201,1630,705,19418,822,1.216,743,84,9655,1561.3,10888,1011,295,12531,435,0.333,615,T1
435,4-Nov-21,Dubai (DSC),Australia,Bangladesh,139,15344,2640.1,20159,1670,793,20329,856,1.044,842,85,9767,1575,10965,1015,296,12612,439,0.328,625,T1
436,4-Nov-21,Abu Dhabi,West Indies,Sri Lanka,126,14082,2372.3,17269,1360,883,18898,692,0.826,809,132,15107,2472.1,17792,1618,503,19299,697,0.714,916,T2
437,6-Nov-21,Abu Dhabi,Australia,West Indies,140,15383,2655.1,20233,1677,798,20401,866,1.058,844,127,14203,2392.3,17427,1378,889,19083,695,0.814,817,T1
438,6-Nov-21,Sharjah,England,South Africa,131,14964,2470.2,19850,1817,726,19794,765,1.298,801,134,14994,2508,19279,1640,706,19501,831,1.233,747,T2
439,10-Nov-21,Abu Dhabi,England,New Zealand,132,15086,2490.2,20022,1834,734,19979,767,1.275,809,131,14845,2462.1,18829,1548,767,19357,790,0.984,857,T2
440,11-Nov-21,Dubai (DSC),Pakistan,Australia,144,16740,2736.1,20253,1810,624,20247,849,1.36,917,141,15482,2675.1,20384,1692,804,20552,873,1.073,846,T2
441,14-Nov-21,Dubai (DSC),Australia,New Zealand,142,15599,2695.1,20554,1703,814,20722,877,1.088,851,132,14960,2482.1,18986,1559,775,19521,794,1,862,T1
442,17-Nov-21,Jaipur,India,New Zealand,130,14914,2474.3,19530,1689,711,19321,743,1.653,674,133,15081,2501,19149,1574,781,19690,796,0.985,866,T1
443,19-Nov-21,Mirpur,Pakistan,Bangladesh,145,16862,2755.1,20416,1821,632,20422,854,1.338,921,86,9857,1581.2,11033,1022,297,12689,441,0.323,635,T1
444,19-Nov-21,Ranchi,India,New Zealand,131,15032,2494.3,19682,1704,717,19480,749,1.673,679,134,15201,2520.4,19305,1586,787,19849,801,0.97,872,T1
445,20-Nov-21,Mirpur,Pakistan,Bangladesh,146,16978,2775.1,20541,1832,637,20548,861,1.354,927,87,9977,1600.4,11152,1025,304,12819,446,0.318,642,T1
446,21-Nov-21,Eden Gardens,India,New Zealand,132,15136,2514.3,19827,1713,726,19631,755,1.693,682,135,15322,2538,19451,1597,792,19998,804,0.956,878,T1
447,22-Nov-21,Mirpur,Pakistan,Bangladesh,147,17087,2795.1,20644,1839,640,20648,868,1.37,929,88,10097,1618.5,11250,1033,305,12926,448,0.313,649,T1
448,13-Dec-21,Karachi,Pakistan,West Indies,148,17208,2815.1,20764,1847,644,20769,874,1.387,934,128,14323,2408.5,17575,1391,895,19241,697,0.802,824,T1
449,14-Dec-21,Karachi,Pakistan,West Indies,149,17330,2834.1,20958,1868,650,20906,884,1.403,940,129,14437,2428.5,17707,1402,902,19440,703,0.791,834,T1
450,16-Dec-21,Karachi,Pakistan,West Indies,150,17450,2854.1,21119,1881,657,21069,893,1.419,948,130,14557,2448.5,17864,1413,910,19608,709,0.78,844,T1
451,22-Jan-22,Bridgetown,England,West Indies,133,15206,2509.2,20177,1848,738,20141,772,1.254,813,131,14679,2467.4,18060,1427,922,19816,712,0.77,847,T2
452,23-Jan-22,Bridgetown,England,West Indies,134,15324,2526.3,20277,1854,744,20240,773,1.233,823,132,14782,2487.2,18159,1435,923,19919,721,0.783,848,T1
453,26-Jan-22,Bridgetown,England,West Indies,135,15444,2546.3,20440,1874,749,20403,780,1.25,831,133,14902,2507.2,18317,1443,936,20090,729,0.773,856,T2
454,29-Jan-22,Bridgetown,England,West Indies,136,15564,2566.3,20632,1881,764,20623,785,1.229,840,134,15024,2527.2,18528,1455,952,20294,737,0.786,861,T1
455,30-Jan-22,Bridgetown,England,West Indies,137,15684,2586.3,20814,1890,779,20778,790,1.245,846,135,15144,2547.2,18678,1465,961,20484,743,0.776,866,T2
456,11-Feb-22,Sydney,Australia,Sri Lanka,143,15712,2715.1,20717,1718,822,20890,881,1.102,853,133,15227,2492.1,17968,1635,506,19465,705,0.727,919,T1
457,15-Feb-22,Canberra,Australia,Sri Lanka,144,15832,2734.1,20858,1727,827,21005,889,1.117,862,134,15341,2512.1,18079,1646,509,19610,714,0.717,927,T1
458,16-Feb-22,Eden Gardens,India,West Indies,133,15256,2531.5,20002,1731,732,19742,763,1.714,689,136,15265,2567.1,18846,1472,973,20642,753,0.789,870,T1
459,18-Feb-22,Melbourne,Australia,Sri Lanka,145,15934,2754.1,20978,1738,830,21122,895,1.132,866,135,15462,2529,18191,1657,510,19731,718,0.708,933,T1
460,18-Feb-22,Eden Gardens,India,West Indies,134,15369,2551.5,20160,1747,737,19893,770,1.734,693,137,15385,2586,18986,1486,980,20803,757,0.779,877,T1
461,20-Feb-22,Melbourne,Australia,Sri Lanka,146,16043,2774.1,21111,1748,832,21261,901,1.147,870,136,15582,2547.1,18329,1667,514,19871,722,0.7,941,T2
462,20-Feb-22,Eden Gardens,India,West Indies,135,15491,2571.5,20327,1768,741,20069,773,1.755,698,138,15505,2606,19150,1498,988,20981,762,0.769,880,T1
463,24-Feb-22,Lucknow,India,Sri Lanka,136,15611,2591.5,20497,1783,750,20233,782,1.775,703,137,15701,2567.1,18476,1675,518,20023,728,0.712,946,T1
464,26-Feb-22,Dharamsala,India,Sri Lanka,137,15731,2611.5,20690,1800,756,20370,788,1.795,705,138,15821,2587.1,18611,1684,522,20222,730,0.703,952,T1
465,27-Feb-22,Dharamsala,India,Sri Lanka,138,15835,2631.5,20865,1817,764,20546,793,1.816,708,139,15941,2604.2,18783,1702,529,20406,733,0.695,957,T1
466,5-Apr-22,Lahore,Pakistan,Australia,151,17564,2874.1,21319,1904,664,21272,896,1.435,951,147,16163,2794,21256,1759,836,21414,904,1.13,876,T2
467,7-Jun-22,Colombo (RPS),Australia,Sri Lanka,148,16279,2814,21410,1778,838,21574,912,1.144,883,140,16061,2621.1,18905,1714,531,20554,737,0.686,962,T1
468,8-Jun-22,Colombo (RPS),Australia,Sri Lanka,149,16363,2833.3,21541,1791,842,21702,920,1.159,883,141,16178,2635.1,19026,1724,534,20688,737,0.678,972,T1
469,9-Jun-22,Delhi,India,South Africa,139,15936,2651.5,21009,1835,766,20674,798,1.836,712,135,15114,2528,19461,1651,716,19678,839,1.25,749,T2
470,11-Jun-22,Pallekele,Australia,Sri Lanka,150,16470,2853.3,21665,1803,844,21826,929,1.173,890,142,16298,2653,19150,1734,537,20814,743,0.67,981,T2
471,12-Jun-22,Cuttack,India,South Africa,140,16056,2671,21205,1851,780,20879,801,1.8,716,136,15230,2548,19661,1668,730,19886,843,1.266,752,T2
472,14-Jun-22,Visakhapatnam,India,South Africa,141,16176,2689.2,21346,1861,787,21027,807,1.764,722,137,15340,2568,19807,1682,737,20033,849,1.283,758,T1
473,17-Jun-22,Rajkot,India,South Africa,142,16296,2708.3,21519,1878,793,21156,816,1.784,727,138,15455,2588,19933,1692,741,20208,854,1.262,768,T1
474,3-Jul-22,Roseau,West Indies,Bangladesh,139,15625,2626,19307,1517,994,21155,767,0.759,889,91,10458,1674.1,11616,1065,313,13263,465,0.318,673,T1
475,7-Jul-22,Southampton,India,England,143,16417,2725.2,21682,1898,799,21237,824,1.803,733,138,15805,2606.3,20964,1904,783,20954,794,1.225,856,T1
476,7-Jul-22,Providence,West Indies,Bangladesh,140,15747,2646,19490,1531,1004,21311,773,0.772,894,92,10578,1694.1,11764,1076,319,13455,470,0.314,679,T1
477,9-Jul-22,Birmingham,India,England,144,16537,2744.5,21871,1921,804,21377,834,1.823,741,139,15922,2626.3,21099,1917,788,21149,801,1.206,866,T1
478,10-Jul-22,Nottingham,India,England,145,16657,2761.5,22029,1938,808,21497,843,1.843,749,140,16024,2646.3,21218,1930,792,21319,808,1.187,876,T2
479,27-Jul-22,Bristol,South Africa,England,139,15556,2608,20013,1699,743,20375,860,1.241,777,141,16146,2666.3,21420,1944,805,21516,817,1.203,883,T2
480,28-Jul-22,Cardiff,South Africa,England,140,15676,2628,20203,1717,752,20607,866,1.222,785,142,16268,2686.3,21641,1953,825,21706,825,1.218,889,T1
481,29-Jul-22,Tarouba,India,West Indies,146,16778,2781.5,22218,1957,818,21706,849,1.807,758,141,15857,2666,19648,1540,1015,21469,777,0.784,899,T1
482,31-Jul-22,Southampton,South Africa,England,141,15796,2644.4,20401,1733,761,20756,876,1.238,788,143,16368,2706.3,21782,1969,828,21910,828,1.2,899,T1
483,1-Aug-22,Basseterre,India,West Indies,147,16899,2801.5,22391,1975,824,21827,857,1.826,764,142,15979,2686,19764,1548,1021,21651,783,0.775,907,T2
484,2-Aug-22,Basseterre,India,West Indies,148,17017,2821.1,22521,1979,832,21966,862,1.792,774,143,16097,2705.4,19900,1560,1026,21785,793,0.787,912,T1
485,6-Aug-22,Lauderhill,India,West Indies,149,17132,2841.1,22679,1994,838,22127,866,1.811,777,144,16217,2724.4,20059,1575,1034,21949,796,0.777,917,T1
486,7-Aug-22,Lauderhill,India,West Indies,150,17252,2860.2,22857,2008,846,22256,875,1.83,782,145,16332,2744.4,20183,1586,1041,22136,801,0.768,927,T1
487,10-Aug-22,Kingston,New Zealand,West Indies,136,15426,2558,19561,1605,799,20179,811,0.942,888,146,16426,2764.4,20275,1596,1045,22324,807,0.759,937,T1
488,12-Aug-22,Kingston,New Zealand,West Indies,137,15546,2578,19737,1618,808,20347,818,0.957,893,147,16546,2784.4,20437,1608,1055,22509,812,0.75,944,T1
489,14-Aug-22,Kingston,New Zealand,West Indies,138,15666,2598,19940,1632,821,20468,826,0.971,898,148,16666,2804.4,20556,1616,1062,22717,817,0.741,953,T2
490,28-Aug-22,Dubai (DSC),India,Pakistan,151,17375,2876,23035,2026,853,22356,885,1.849,789,152,17685,2893.2,21478,1918,669,21430,903,1.412,959,T1
491,1-Sep-22,Dubai (DSC),Sri Lanka,Bangladesh,144,16536,2683.1,19416,1761,546,21091,748,0.674,997,94,10819,1731,12034,1097,325,13751,478,0.305,691,T1
492,4-Sep-22,Dubai (DSC),India,Pakistan,152,17493,2895.5,23169,2036,858,22502,895,1.867,794,153,17804,2913,21620,1931,673,21573,908,1.39,969,T2
493,6-Sep-22,Dubai (DSC),India,Sri Lanka,153,17613,2915.4,23336,2052,863,22682,900,1.833,801,146,16771,2723.1,19757,1791,559,21437,759,0.697,1011,T2
494,9-Sep-22,Dubai (DSC),Pakistan,Sri Lanka,155,18039,2953,21920,1956,686,21879,920,1.421,983,147,16890,2743.1,19925,1803,567,21610,767,0.709,1015,T2
495,11-Sep-22,Dubai (DSC),Pakistan,Sri Lanka,156,18155,2970,22024,1960,689,21999,925,1.4,993,148,16993,2762.2,20044,1812,572,21730,776,0.72,1020,T2
496,20-Sep-22,Mohali,India,Australia,155,17854,2955.3,23711,2083,879,22964,912,1.818,811,151,16591,2873.2,21837,1821,849,21998,935,1.157,895,T2
497,20-Sep-22,Karachi,Pakistan,England,157,18277,2990,22157,1969,693,22161,931,1.378,1003,144,16469,2726.3,21876,1975,829,22098,833,1.181,909,T2
498,22-Sep-22,Karachi,Pakistan,England,158,18397,3009.2,22311,1979,698,22319,935,1.358,1010,145,16585,2746.3,22029,1996,830,22256,840,1.196,913,T1
499,23-Sep-22,Nagpur,India,Australia,156,17974,2974.5,23915,2099,892,23173,918,1.785,817,152,16707,2893.2,22040,1846,858,22206,941,1.171,901,T1
500,23-Sep-22,Karachi,Pakistan,England,159,18514,3029.2,22509,1995,707,22518,940,1.373,1010,146,16706,2766,22224,2013,839,22459,840,1.179,918,T2
501,25-Sep-22,Hyderabad (Deccan),India,Australia,157,18018,2982.5,24001,2107,898,23263,921,1.803,821,153,16755,2900.4,22129,1856,862,22296,945,1.154,906,T1
502,25-Sep-22,Karachi,Pakistan,England,160,18635,3049.2,22657,2006,713,22737,943,1.352,1018,147,16826,2786,22437,2040,845,22611,847,1.194,921,T1
503,28-Sep-22,Thiruvananthapuram,India,South Africa,158,18137,3002.5,24177,2119,909,23448,927,1.821,825,142,15916,2661.2,20583,1758,762,20851,886,1.253,793,T1
504,28-Sep-22,Lahore,Pakistan,England,161,18756,3068.4,22818,2019,716,22897,952,1.367,1022,148,16943,2806,22594,2060,848,22774,851,1.176,931,T1
505,30-Sep-22,Lahore,Pakistan,England,162,18870,3088.4,22952,2027,721,23033,959,1.382,1032,149,17063,2825,22726,2072,852,22911,859,1.159,938,T2
506,2-Oct-22,Guwahati,India,South Africa,159,18237,3022.5,24281,2126,916,23554,935,1.839,827,143,16036,2678,20683,1767,766,20961,888,1.234,801,T1
507,2-Oct-22,Lahore,Pakistan,England,163,18990,3103.1,23116,2038,729,23202,961,1.362,1038,150,17150,2845,22893,2098,856,23077,865,1.173,940,T2
508,4-Oct-22,Indore,India,South Africa,160,18359,3042.5,24508,2151,929,23775,938,1.857,830,144,16159,2698,20891,1782,778,21194,890,1.215,804,T2
509,5-Oct-22,Carrara,Australia,West Indies,154,16876,2920.3,22310,1872,871,22478,949,1.138,913,149,16780,2824.4,20697,1626,1069,22862,824,0.752,955,T1
510,7-Oct-22,Christchurch,Pakistan,Bangladesh,164,19110,3123.1,23250,2050,731,23404,962,1.342,1046,95,10939,1750.2,12207,1112,331,13930,485,0.301,698,T1
511,7-Oct-22,Brisbane,Australia,West Indies,155,16995,2940.3,22448,1887,872,22620,957,1.152,920,150,16901,2844.3,20827,1635,1075,23003,831,0.744,964,T1
512,8-Oct-22,Christchurch,Pakistan,New Zealand,165,19230,3143.1,23412,2068,735,23545,970,1.357,1051,139,15786,2617,20083,1643,825,20612,828,0.957,905,T1
513,9-Oct-22,Christchurch,New Zealand,Bangladesh,140,15906,2635.2,20223,1654,829,20759,832,0.944,913,96,11059,1770.2,12344,1124,336,14096,490,0.297,706,T1
514,9-Oct-22,Perth,England,Australia,151,17270,2865,23085,2116,864,23216,873,1.188,943,156,17115,2960.3,22616,1906,878,22760,965,1.166,927,T1
515,11-Oct-22,Christchurch,Pakistan,New Zealand,166,19340,3163.1,23555,2084,738,23685,978,1.371,1055,141,16013,2655.2,20362,1665,833,20895,840,0.958,915,T2
516,12-Oct-22,Christchurch,New Zealand,Bangladesh,142,16110,2675.2,20482,1671,839,21025,847,0.972,916,97,11179,1788.1,12475,1134,338,14237,492,0.293,714,T1
517,12-Oct-22,Canberra,England,Australia,152,17391,2885,23285,2140,873,23412,881,1.202,949,157,17235,2980.3,22802,1921,887,22966,971,1.15,936,T1
518,13-Oct-22,Christchurch,Pakistan,Bangladesh,167,19460,3179.2,23675,2099,738,23811,979,1.352,1062,98,11299,1808.1,12626,1151,340,14440,497,0.289,721,T1
519,14-Oct-22,Christchurch,Pakistan,New Zealand,168,19580,3199.2,23846,2117,739,23984,984,1.366,1065,143,16230,2695.2,20680,1684,850,21179,854,0.986,921,T1
